ratio,erate,tract2010
1.0410504,0.00150006800,010100
1.0518025,0.00154583100,010201
0.96238095,0.00139630900,010202
1.0305001,0.00149368300,010300
0.98929489,0.00127875100,010400
1.0081832,0.00153076700,010501
1.0137875,0.00152232200,010502
0.99419308,0.00140547200,010503
0.97211236,0.00136368500,010600
0.95629108,0.00140876000,010701
1.1063682,0.00162139800,010702
1.109625,0.00159694300,020100
0.94056821,0.00142481200,020200
1.1122298,0.00151205200,020301
1.0324473,0.00152088600,020302
1.0727754,0.00158591000,020400
1.1344645,0.00163568100,020500
1.000947,0.00151646800,020601
1.0346067,0.00164749000,020602
0.93729234,0.00148961800,020701
1.155619,0.00170898300,020702
1.0961063,0.00159783600,020801
1.1467716,0.00182082800,020802
1.2934893,0.00190280400,020901
1.333119,0.00183512300,020902
0.93623364,0.00135169700,030101
0.96271998,0.00121069000,030102
0.85824466,0.00114141600,030103
1.0477778,0.00128452900,030104
0.96944797,0.00138432300,030200
1.0046803,0.00154005000,030300
0.94753164,0.00141765500,030400
0.94041288,0.00133286800,030500
1.0194923,0.00153087100,030601
0.98211157,0.00147260100,030603
0.89022559,0.00136286200,030604
0.6403721,0.00079834200,030701
0.96995389,0.00128849000,030703
0.9197861,0.00129021200,030706
0.91632336,0.00136756900,030800
0.93135542,0.00140277200,030900
0.93335962,0.00122466300,031000
0.95784509,0.00144304400,031100
0.99103451,0.00138455100,031200
0.96503448,0.00137311000,031300
0.94866669,0.00138923700,031400
1.0217241,0.00140164900,031501
0.97465116,0.00135601100,031502
0.97333336,0.00140628600,031700
0.92042512,0.00131007800,031800
0.9023186,0.00132657400,031900
0.93676764,0.00129798900,032100
0.93609875,0.00141671500,040100
0.94156665,0.00134692000,040201
1.0554802,0.00161664100,040202
1.0105245,0.00149280300,040300
0.92914605,0.00140006400,040401
0.92237777,0.00132088400,040402
0.9084512,0.00133136400,040600
0.92234451,0.00133823100,040700
0.87737525,0.00128041300,040800
0.86878431,0.00130084300,040900
0.90483594,0.00136472600,050100
0.87876445,0.00124289300,050200
0.87098801,0.00133717800,050300
0.82584316,0.00121154300,050500
0.87005007,0.00115733800,050600
0.86214966,0.00119604100,050700
0.91914785,0.00139747500,050800
0.89098096,0.00136895700,050900
0.88896054,0.00127199700,051000
0.86182255,0.00132871600,051100
0.88421011,0.00137051400,051200
0.94543159,0.00144762400,051300
0.87128395,0.00128143700,051400
0.92383873,0.00137818900,060100
0.87217891,0.00129448900,060200
0.8752048,0.00135249600,060300
0.9023664,0.00133458000,060400
0.96344,0.00141384300,060500
0.90780407,0.00121250400,060800
0.90478569,0.00126117100,060900
0.93315375,0.00140786500,061000
0.91571426,0.00140354300,061100
0.85113752,0.00133362100,061200
0.88837302,0.00137282900,061500
0.94208515,0.00139650100,061800
0.89124638,0.00132053600,061901
0.87396634,0.00131581400,061902
0.89459574,0.00130901900,062000
0.93214285,0.00138336300,062100
0.91368473,0.00140275200,062200
0.90226531,0.00137224100,062300
0.89762264,0.00132353900,062400
0.8683362,0.00121011600,062500
0.93537587,0.00140720600,062600
0.89389092,0.00133083000,062700
0.87765127,0.00128998800,062800
0.90179104,0.00134627300,062900
0.93540895,0.00138846900,063000
0.91567814,0.00133482800,063100
0.91124737,0.00125136400,063200
0.90234268,0.00125596900,063301
0.84217525,0.00112625100,063302
0.95004117,0.00138254300,063303
0.85676777,0.00116995700,063400
0.91255999,0.00135148600,070101
0.9099524,0.00125834900,070102
0.84531534,0.00118355500,070103
0.89057416,0.00126016200,070200
0.89516413,0.00134617600,070300
0.89741403,0.00133969000,070400
0.85917097,0.00127593400,070500
0.88701451,0.00133866600,070600
0.91648769,0.00134451400,070700
0.90311909,0.00131895400,071000
0.86833072,0.00132996800,071100
0.88579643,0.00130483500,071200
0.901191,0.00134558800,071300
0.87855113,0.00128408400,071400
0.89360774,0.00127225800,071500
0.88600463,0.00134920400,071600
0.89436841,0.00133593400,071700
0.85421538,0.00124866900,071800
0.89071989,0.00128571000,080100
0.89914286,0.00129425900,080201
0.89252633,0.00126436700,080202
0.85266316,0.00116092900,080300
0.8658365,0.00134262700,080400
0.8477788,0.00116138300,081000
0.86063159,0.00119476400,081100
0.8624354,0.00114773000,081201
0.8857466,0.00132617700,081202
0.88935483,0.00127131800,081300
0.89858603,0.00125388500,081401
0.8919403,0.00112448400,081402
0.84592807,0.00116310900,081403
0.83480394,0.00116446700,081500
0.84109187,0.00118739900,081600
0.82541686,0.00113756500,081700
0.8154366,0.00107636500,081800
0.74686146,0.00096763000,081900
0.99086314,0.00147766700,090100
1.0026734,0.00149106400,090200
0.96550304,0.00143565900,090300
1.0508312,0.00164874800,100100
1.0250362,0.00150378800,100200
0.91352516,0.00142029000,100300
0.97341204,0.00145502300,100400
1.0617647,0.00157332600,100500
0.99581963,0.00151433500,100600
1.0671686,0.00155176300,100700
1.0488846,0.00164549300,110100
1.1478543,0.00175355900,110200
1.0716604,0.00159495000,110300
1.1034162,0.00157686000,110400
1.0231539,0.00162178300,110501
1.0970635,0.00157995000,110502
0.95360875,0.00142255100,120100
0.95991474,0.00150592600,120200
0.96033019,0.00145061200,120300
1.0260571,0.00156722100,120400
1.0925862,0.00162327100,130100
0.97323292,0.00149883600,130200
1.1592376,0.00176556000,130300
1.0212766,0.00141116800,140100
1.0973426,0.00160838800,140200
1.1501865,0.00187830800,140301
1.1159036,0.00163476700,140302
1.0504792,0.00155800700,140400
1.0454104,0.00168850000,140500
1.0516957,0.00159872100,140601
1.084074,0.00169848000,140602
1.0434356,0.00147836500,140701
1.0577817,0.00152097200,140702
0.95771426,0.00143748700,140800
1.1101449,0.00166286500,150200
1.0556078,0.00159123200,150300
1.0744671,0.00167211600,150401
1.1854814,0.00175977100,150402
1.1439159,0.00166827100,150501
1.1667273,0.00186511100,150502
1.0450685,0.00164333800,150600
1.0222945,0.00161336400,150700
1.0743637,0.00161273800,150800
1.3744907,0.00201290400,151001
1.2146139,0.00186476600,151002
1.3042701,0.00190094100,151100
1.1900001,0.00173251100,151200
1.1021428,0.00161122700,160100
0.93514794,0.00144544100,160200
1.13625,0.00166438200,160300
0.95456362,0.00150117000,160400
1.0161053,0.00169987700,160501
1.0097599,0.00155438300,160502
0.98585987,0.00148492800,160601
0.93874812,0.00139412100,160602
1.000519,0.00157446000,160700
1.0315151,0.00152824600,160800
0.92839998,0.00146293300,160900
0.9064703,0.00145553800,161000
0.89813912,0.00137045200,161100
1.062552,0.00168429400,161200
1.1160326,0.00167389700,161300
1.0227027,0.00140052600,170100
1.1561774,0.00174938400,170200
1.1635715,0.00172595200,170300
1.0652244,0.00160758000,170400
1.1454737,0.00165238700,170500
1.1840128,0.00174730700,170600
1.1798193,0.00182988200,170700
1.1940351,0.00172342200,170800
1.2420549,0.00178841600,170900
1.1534402,0.00174805800,171000
1.183,0.00175348100,171100
1.1867408,0.00178493300,180100
1.3253164,0.00203184800,190100
1.0766028,0.00176233500,190200
1.19332,0.00186920200,190300
1.1912408,0.00181151600,190401
1.1947594,0.00192556000,190402
1.3340281,0.00192570700,190601
1.2397015,0.00191761700,190602
1.2512589,0.00187041100,190701
1.3352892,0.00207080900,190702
1.1930084,0.00175895300,190800
1.1958044,0.00189495400,190900
1.3711667,0.00198488500,191000
1.2129898,0.00191865000,191100
1.4090909,0.00207760700,191200
1.301033,0.00191332200,191301
1.3424283,0.00197445600,191302
1.2279084,0.00191839400,200100
1.2327721,0.00192951100,200200
1.2842708,0.00159652500,200300
1.0699368,0.00195411300,200401
1.1872817,0.00191232100,200402
0.97951341,0.00138369000,210100
1.2447228,0.00181236300,210400
1.1684053,0.00175082700,210501
1.1923573,0.00184314900,210502
1.0159324,0.00150989700,210601
1.0181227,0.00162225700,210602
0.96644366,0.00154875200,210700
1.1774651,0.00172478500,210800
0.89942247,0.00132864700,210900
0.83874285,0.00135374800,220300
0.81161964,0.00129459400,220400
0.87128347,0.00135833800,220500
0.94390035,0.00134948400,220601
0.86307693,0.00131779800,220602
1.0030911,0.00163195700,220701
1.0807765,0.00164586500,220702
1.0112766,0.00163023200,220901
0.59928,0.00116926500,220902
0.93681645,0.00149617300,221000
0.88830769,0.00137703600,221100
0.86945724,0.00128111500,221200
0.82851946,0.00126357500,221300
0.76466203,0.00122702000,221400
0.84934258,0.00132150300,221500
0.88935667,0.00137011500,221600
0.83377951,0.00120096500,222200
0.97435415,0.00155737000,222500
0.86942583,0.00135675400,222600
0.97819608,0.00130753900,222700
1.0097177,0.00145913700,222800
1.0501449,0.00166534100,222900
1.0150685,0.00153308600,230100
0.96607012,0.00149999000,230200
0.96009159,0.00156061900,230300
1.27824,0.00196693000,230400
1.2680809,0.00219027800,230500
1.3241856,0.00205400200,230600
1.1675333,0.00189941300,230700
1.1247392,0.00184759700,230800
0.84738541,0.00151624700,230900
1.3679376,0.00214607500,231100
0.93865263,0.00133933200,231200
1.2552533,0.00208345400,231500
0.85452574,0.00125665500,240200
0.77438539,0.00112776500,240300
0.83292592,0.00112793400,240500
0.73022997,0.00116919000,240600
0.8342703,0.00143535200,240700
0.84847677,0.00136037000,240800
0.7967912,0.00140820500,240900
0.91290909,0.00151225000,241000
0.87203741,0.00136980300,241100
0.89934248,0.00146346700,241200
0.85954285,0.00126499100,241300
0.87381279,0.00131359000,241400
0.86741781,0.00131482200,241500
0.88240618,0.00136543400,241600
0.8927632,0.00139380700,242000
0.85262436,0.00132936400,242100
0.84588552,0.00128818100,242200
0.83867776,0.00130872800,242300
0.88200003,0.00131368300,242400
0.89567113,0.00137359700,242500
0.91725749,0.00141402300,242600
0.95892745,0.00165989300,242700
0.95836365,0.00146916800,242800
0.88723397,0.00138315600,242900
0.90141416,0.00137781800,243000
0.84475791,0.00136042200,243100
0.90972531,0.00133775400,243200
0.92360646,0.00138298100,243300
0.89197403,0.00136488600,243400
0.85061109,0.00123616000,243500
1.0284616,0.00165518500,250200
1.1882457,0.00174423700,250300
1.152822,0.00180071400,250400
1.117327,0.00165873600,250500
0.89392209,0.00147203700,250600
1.0220799,0.00174913600,250700
1.0845026,0.00171543600,250800
0.86665624,0.00150097700,251000
1.1518065,0.00193031500,251100
1.0093846,0.00160829900,251200
0.95074999,0.00150812300,251300
0.99167204,0.00154678800,251400
1.1720464,0.00184476800,251500
1.1700168,0.00190865500,251600
1.0106318,0.00160951000,251700
1.3965807,0.00223847600,251800
0.71807998,0.00117033500,251900
1.0562811,0.00176374300,252000
0.93963158,0.00146424600,252101
0.97391069,0.00144967800,252102
1.09368,0.00175296900,252201
1.1133158,0.00180582700,252202
1.0352414,0.00187800400,260100
1.5158321,0.00268776600,260200
1.1418605,0.00159352400,260300
1.2220542,0.00199448600,260400
1.2194279,0.00180175900,260500
1.0656471,0.00152970500,260600
1.1012737,0.00157880300,260700
1.175125,0.00173624300,260800
1.1690469,0.00154054300,260900
1.2344445,0.00189831100,261000
1.0248806,0.00156787900,270500
1.1336639,0.00166470000,271200
1.1722105,0.00216576100,271300
1.354125,0.00236169700,271400
1.2704706,0.00206429100,271500
1.1784159,0.00189284400,271800
0.77250445,0.00092935000,280100
1.0901144,0.00158517200,280400
0.4120461,0.00092953900,280800
0.94877112,0.00127975100,280900
0.89674073,0.00104693500,281900
1.0280595,0.00171149300,282700
1.0557436,0.00170962800,282800
0.9187097,0.00141722700,283100
0.85430276,0.00126191900,283200
0.46752778,0.00082656100,283800
1.1248333,0.00184882500,290900
0.98912567,0.00154185800,291200
1.2303362,0.00196205000,292200
1.1866,0.00229000800,292400
1.3945,0.00198221200,292500
1.23125,0.00188644400,300500
1.0881194,0.00161628200,300600
1.5465167,0.00240570100,300700
1.4412391,0.00220318900,300800
1.3221952,0.00215782000,300900
1.2378858,0.00190562300,301100
1.1663802,0.00179211900,301200
1.4960641,0.00228054600,301600
1.2886614,0.00203706200,301701
1.1846087,0.00180518900,301702
1.2564216,0.00229842900,301801
1.2239597,0.00193014300,301802
1.2912309,0.00196708400,301803
0.80246258,0.00121882300,310200
0.9785651,0.00164306900,310300
0.84365523,0.00150832400,310400
1.3110629,0.00166382600,310500
0.90208358,0.00142739500,310600
0.52686942,0.00118290700,310700
1.0374503,0.00158632300,310800
1.2171104,0.00180930300,310900
0.79659927,0.00105432100,320100
0.81002069,0.00091966200,320400
0.80635142,0.00105277500,320600
0.83074164,0.00098672800,330100
0.88355249,0.00121880500,330200
1.0507731,0.00148180800,340300
0.89785713,0.00132425500,340400
0.99204439,0.00159558500,340500
1.0040741,0.00143264000,351000
1.2138364,0.00149131700,351100
1.226,0.00196648000,351400
1.12114,0.00124118000,351500
1.2184782,0.00236043200,360200
0.77395451,0.00128232000,380100
1.0437793,0.00141607200,380200
1.3224514,0.00177441000,380700
1.0899091,0.00135705600,381200
0.81285,0.00161671100,381400
1.2834415,0.00205552400,381500
0.97282779,0.00133626800,381800
0.90834224,0.00133566200,381900
0.86867923,0.00152402600,390100
0.94839203,0.00145620800,390200
0.90527278,0.00120947500,390300
0.99715626,0.00144573900,390400
0.82645392,0.00112755900,390500
0.91265821,0.00132951600,390600
0.97157896,0.00137678800,390700
1.0417334,0.00180124200,400300
0.96973157,0.00142478600,400400
1.1670715,0.00185045800,400500
0.94919515,0.00161746900,400800
0.9716863,0.00133546000,410100
0.93870175,0.00147379400,410200
0.99793154,0.00147554600,410500
0.84855098,0.00127834100,410600
0.90673077,0.00134914000,410700
1.0431421,0.00153110800,410800
0.94307691,0.00139573500,410900
0.98778778,0.00137468700,411000
0.84059906,0.00129804500,411100
0.74811596,0.00116082300,411200
0.77996612,0.00135403400,420100
1.0355128,0.00170581800,420200
0.9137705,0.00134900500,420300
1.0795883,0.00114263300,420400
1.4027047,0.00211024800,420500
0.98000002,0.00151476400,420600
1.0084367,0.00163340800,420700
0.79255557,0.00120316800,420800
1.0852491,0.00158000900,421200
0.44596329,0.00080780800,430101
1.4595026,0.00163439000,430102
1.1029752,0.00178350800,430200
0.93838096,0.00137494500,430300
0.97746378,0.00161324300,430400
1.0727018,0.00183531000,430500
1.0572935,0.00181381300,430600
1.0263982,0.00139373300,430700
1.0118667,0.00164233100,430800
0.82195282,0.00145591400,430900
0.84624457,0.00146147100,431200
0.94472867,0.00148474300,431301
1.1723784,0.00190691100,431302
1.3153846,0.00184466400,431400
1.1785715,0.00195966100,440101
0.99824917,0.00160179500,440102
1.0508103,0.00163560400,440201
0.88245046,0.00158788900,440202
0.96000373,0.00156494300,440300
1.0128436,0.00149161000,440600
0.82103229,0.00146331900,440700
0.96799999,0.00156616900,440800
0.88288343,0.00144354600,440900
0.91095287,0.00146200200,450300
0.96837473,0.00145782600,460100
0.8151176,0.00117373900,460200
1.0128661,0.00153955300,460301
0.97459275,0.00160937900,460302
0.93208706,0.00152632800,460400
0.82982033,0.00136385100,460500
1.1865455,0.00211079600,460600
1.0951583,0.00141338200,460700
1.3626511,0.00216744800,461000
1,0.00154962100,470100
0.82489312,0.00154488300,480100
1.0076498,0.00174990500,480200
1.2273479,0.00164745500,480300
0.89960361,0.00146004000,480400
0.85272223,0.00160215600,480500
0.92963922,0.00154355200,490300
0.85920799,0.00150490800,490400
0.99935675,0.00163966500,490500
0.86408699,0.00139247000,490600
0.91580248,0.00175802400,490700
0.88626802,0.00148189300,490800
0.9069804,0.00145915200,490901
0.85889924,0.00146591300,490902
1.1108,0.00162797400,491000
0.82547224,0.00143183100,491100
0.95994508,0.00163093900,491200
0.87062204,0.00167013100,491300
1.4810833,0.00185965200,491400
0.80516946,0.00137403900,500100
0.96341175,0.00135524400,500200
0.88843638,0.00148844700,500300
1.0737436,0.00143524000,510100
0.94160509,0.00141266000,510200
1.0642728,0.00170795500,510300
1.5784615,0.00221815500,520100
1.3857751,0.00183166700,520200
1.183741,0.00167073100,520300
1.1651888,0.00164617500,520400
1.0435922,0.00144254200,520500
1.1663685,0.00159494600,520600
1.5635877,0.00234238500,530100
0.81344211,0.00147261000,530200
0.93884432,0.00149718800,530300
0.92434108,0.00153394200,530400
0.91388166,0.00151100900,530501
0.79993421,0.00126735700,530502
0.88111329,0.00145956900,530503
1.0902222,0.00171386800,530600
1.1291496,0.00187655600,540101
1.1481333,0.00125675900,540102
1.0827016,0.00146322600,550100
1.1037668,0.00154117800,550200
1.0368947,0.00148811900,560100
1.0688182,0.00163049100,560200
1.0597838,0.00152905300,560300
1.077,0.00150634600,560400
1.0668442,0.00151874500,560700
1.0023494,0.00143638800,560800
0.95128131,0.00137380700,560900
0.98579103,0.00143533700,561000
1.0352836,0.00145867400,561100
1.2713333,0.00167294700,570100
1.0863385,0.00165375900,570200
1.1117358,0.00165824900,570300
1.11704,0.00175148900,570400
1.0630288,0.00168663600,570500
1.2923077,0.00184196100,580100
1.2219355,0.00176666000,580200
1.3723907,0.00208482400,580300
1.1272833,0.00164011500,580400
1.3005806,0.00184188000,580501
1.2573913,0.00191057600,580502
1.2097586,0.00185270900,580600
1.175375,0.00181093000,580700
1.0164,0.00149228300,580800
0.97714287,0.00143059900,590500
1.0489471,0.00158605800,590600
1.0417054,0.00162706200,590700
1.0668725,0.00160796000,600400
0.98628569,0.00153053200,600600
0.9670909,0.00149464400,600700
1.0024223,0.00151565800,600900
0.89455724,0.00116977500,610300
1.0655334,0.00080039200,610400
0.99822223,0.00150764500,610800
0.74571431,0.00155624100,611000
1.1385108,0.00165708400,611100
1.22794,0.00159161000,611200
1.3318624,0.00177020900,611300
1.1155834,0.00169358000,611400
1.2925556,0.00189187900,611500
0.79449058,0.00145201400,611600
0.64934784,0.00123731800,611700
0.65684211,0.00129486000,611800
0.59532201,0.00109688800,611900
0.8125,0.00150172100,612000
1.456,0.00187884700,612100
1.1781192,0.00160999700,620100
1.0700819,0.00160891900,620200
1.1360266,0.00171865300,620300
1.2193985,0.00173679900,620400
0.80586207,0.00140448100,630100
1.2529286,0.00176549500,630200
1.1230452,0.00166318200,630300
1.1588489,0.00184602600,630400
1.2620122,0.00187100300,630500
1.3832308,0.00193215900,630800
0.99070591,0.00159810000,630900
1.0035,0.00153509000,640100
1.0713181,0.00161658300,640300
1.0552201,0.00152961800,640400
0.98960894,0.00152708500,640500
1.1052113,0.00161923500,640600
1.1558182,0.00172252800,640700
1.1413178,0.00175276200,640800
1.1803844,0.00183333000,650100
1.119944,0.00162679200,650200
1.0480465,0.00161124400,650301
1.1295384,0.00165043500,650302
1.1497449,0.00175520000,650400
1.0851613,0.00163966700,650500
1.1977853,0.00199367500,660301
1.2831326,0.00190044000,660302
1.0739083,0.00169075200,660400
1.0006751,0.00164168800,660500
1.0728022,0.00168922100,660600
0.98921055,0.00162156800,660700
1.1117649,0.00177071500,660800
1.1583333,0.00180520000,660900
1.0018797,0.00165907100,661000
1.0292413,0.00156819900,661100
0.77427435,0.00153403300,670100
0.64152968,0.00128935900,670200
0.5413202,0.00141421200,670300
0.84618735,0.00134692400,670400
0.8866111,0.00121286100,670500
0.75134927,0.00132487900,670600
0.62356782,0.00105404700,670700
0.77784973,0.00150930500,670800
0.69306976,0.00111117100,670900
0.57866859,0.00114954300,671100
0.62559783,0.00107025000,671200
0.83085299,0.00128812900,671300
1.4076439,0.00176898200,671400
0.68866664,0.00130680400,671500
0.75803846,0.00133145900,671600
0.72285712,0.00112239600,671800
0.94064713,0.00140804000,671900
1.0557055,0.00182434000,672000
0.71661818,0.00133995600,680500
0.55813044,0.00101877400,680600
0.78080457,0.00137382500,680900
0.66369128,0.00118205200,681000
0.62779999,0.00110403100,681100
0.73077273,0.00134078100,681200
0.81439048,0.00124413800,681300
0.83816808,0.00139654700,681400
0.90371752,0.00163126600,690300
1.1114308,0.00179720100,690400
0.94692129,0.00178576600,690500
1.0627016,0.00164044700,690900
0.90872002,0.00141015000,691000
0.94154549,0.00146255700,691100
0.82649297,0.00140782300,691200
0.88339394,0.00146377500,691300
0.84559667,0.00144606900,691400
0.93675077,0.00145132700,691500
0.97848278,0.00150344500,700100
1.0939726,0.00160836800,700200
1.0795758,0.00157892400,700301
1.0482773,0.00158568800,700302
0.9329375,0.00144890000,700401
0.9391973,0.00150268300,700402
0.90757579,0.00149925200,700501
1.0240623,0.00158233700,700502
1.2392927,0.00175297800,710100
0.96190321,0.00154158700,710200
1.0461152,0.00174938100,710300
0.87751836,0.00148786700,710400
0.73164445,0.00131677000,710500
0.85762292,0.00127093500,710600
0.76267624,0.00120040100,710700
0.95578378,0.00145496100,710800
0.92925,0.00154352200,710900
0.87263131,0.00140333700,711000
0.76858896,0.00126924400,711100
0.79964548,0.00139048800,711200
0.83345455,0.00114428300,711300
0.9416917,0.00149300700,711400
0.89779413,0.00145987300,711500
1.0001212,0.00151233600,720100
0.91696906,0.00144862100,720200
0.99056733,0.00150520300,720300
1.0909715,0.00156732000,720400
0.91505098,0.00130309200,720500
0.94460112,0.00134877400,720600
0.93599999,0.00148445500,720700
0.84578127,0.00146113600,730100
0.84352237,0.00144156600,730201
0.83630764,0.00134935600,730202
0.72973549,0.00127186500,730300
0.85698223,0.00138778000,730400
0.87075889,0.00146126700,730500
0.86709875,0.00143929100,730600
0.78171426,0.00133208300,730700
0.98896265,0.00140981300,740100
0.99355483,0.00146659600,740200
1,0.00143402400,740300
0.96637899,0.00141768400,740400
0.94511998,0.00149206500,750100
0.98369229,0.00155819600,750200
0.92926317,0.00140967100,750300
1.0201128,0.00156838400,750400
1.0819442,0.00165855900,750500
0.98327589,0.00158770200,750600
1.1529524,0.00168706800,760801
1.0367889,0.00155805400,760802
1.3367307,0.00192508900,760803
0.96565521,0.00145325000,770201
1.0477393,0.00148980400,770202
1.0740519,0.00159949200,770300
1.1016995,0.00160323700,770400
1.430995,0.00207448200,770500
1.0701666,0.00164321800,770601
1.0940177,0.00162590500,770602
0.95876318,0.00141324300,770700
1.0837412,0.00147001400,770800
1.0724982,0.00141242900,770901
1.0363208,0.00149965100,770902
0.95857984,0.00142161200,800100
0.92650586,0.00141053900,800200
0.9084388,0.00137428400,800300
0.92469853,0.00140041800,800400
0.91822201,0.00142193700,800500
0.95063084,0.00144689600,800600
0.87288135,0.00131313800,800700
0.94429088,0.00142985000,800800
0.9251498,0.00146461100,800900
0.91152418,0.00141272900,801000
0.88568574,0.00135162500,801100
0.95069861,0.00143003700,801200
0.91080314,0.00137618900,801300
0.85537547,0.00135172500,801400
0.97722971,0.00146717700,801500
0.9217459,0.00148471400,801601
1.0636846,0.00164109400,801603
0.95384693,0.00144002200,801605
0.95066702,0.00133452200,801606
0.94305933,0.00145881900,801607
0.94771385,0.00140617900,801608
0.88786089,0.00139338400,801701
0.88800752,0.00133798100,801702
0.94831514,0.00144368700,801800
0.9285239,0.00139985200,801901
0.88984209,0.00134579300,801902
1.0019889,0.00157926500,802002
0.98885232,0.00152084000,802003
0.97863889,0.00133426600,802004
0.88172793,0.00134562900,802100
0.94355935,0.00139427100,802200
0.88925493,0.00135415900,802300
1.0564522,0.00154839000,802402
0.92100644,0.00123999000,802403
0.98595673,0.00133256200,802404
1.0698215,0.00146115700,802503
1.0792,0.00165646700,802504
1.0103917,0.00136324500,802505
1.1115247,0.00153286200,802506
1.0037937,0.00142456800,802605
1.0519632,0.00163402700,802607
0.98234928,0.00132516300,802608
1.1148298,0.00144828700,802609
1.0435617,0.00155450300,802610
0.98860526,0.00149766600,802701
1.0303158,0.00154119000,802702
0.96847862,0.00147625800,802801
1.0055636,0.00146881700,802802
0.95883334,0.00143268200,802900
0.94028121,0.00136989000,803005
0.98285055,0.00144108700,803007
0.9570207,0.00144404300,803008
1.0268233,0.00144511600,803010
0.99653602,0.00125998100,803012
1.0069166,0.00144592400,803013
1.0301827,0.00139876000,803014
0.98900002,0.00144856800,803015
0.95876193,0.00145420600,803016
0.98363328,0.00138851300,803017
0.90282696,0.00131710600,803100
0.97622263,0.00145007400,803200
0.91906387,0.00134054800,803300
0.92308092,0.00140203900,803400
0.94734752,0.00139631500,803500
1.0270879,0.00153143200,803603
1.0088005,0.00139106200,803604
1.0347564,0.00153163000,803605
1.1333783,0.00147601600,803606
1.0247886,0.00152521300,803607
1.0879796,0.00163302700,803608
1.0287166,0.00147873300,803610
1.0151812,0.00137932100,803611
1.023608,0.00147881300,803612
0.98540145,0.00141906800,803701
0.97133332,0.00134789600,803702
1.0003529,0.00148684600,803800
1.0521009,0.00141377100,803901
1.0476604,0.00155509900,803902
1.1366055,0.00164491600,804000
0.96781445,0.00147270800,804102
1.0098343,0.00152831100,804104
1.0107775,0.00155102900,804105
1.0026051,0.00148737100,804106
0.98626208,0.00145047600,804108
1.0653431,0.00162272500,804109
1.0206618,0.00157517400,804201
0.98456293,0.00152574400,804202
1.0430654,0.00156218600,804305
1.1729286,0.00177894200,804306
1.0303291,0.00149769100,804308
1.1147009,0.00172627700,804309
1.0449542,0.00151052500,804310
1.0029351,0.00145581500,804311
1.0628043,0.00159278200,804403
1.1625431,0.00178718600,804404
1.1659472,0.00170688500,804405
1.0938158,0.00168197500,804406
1.032444,0.00150415300,804505
1.0594051,0.00159777000,804506
0.98083872,0.00140041500,804507
1.1376849,0.00166998100,804508
1.1731273,0.00175181000,804509
1.138284,0.00181552300,804510
0.99661148,0.00166904800,804511
1.1228418,0.00153634300,804603
0.9355877,0.00139222600,804606
0.99188721,0.00146223600,804607
0.95811892,0.00141857800,804608
0.95956153,0.00137204600,804609
0.97272277,0.00131397600,804610
0.99506593,0.00140320200,804611
1.1129293,0.00169983100,804701
0.99864864,0.00135507700,804705
0.99463814,0.00149438700,804706
1.050806,0.00158867100,804709
1.0017713,0.00147194800,804710
0.9750964,0.00137429600,804711
0.97657365,0.00146365600,804712
1.0332131,0.00109054200,804713
1.0037349,0.00141894400,804714
1.0647917,0.00143503400,804715
1.0521092,0.00155495900,804716
0.99875617,0.00138120000,804803
1.010679,0.00144240500,804804
1.0196261,0.00150486700,804805
1.105878,0.00162112300,804806
1.0351526,0.00154257000,804807
0.99843085,0.00149500400,804808
1.0398084,0.00154777500,804809
1.0245095,0.00149252800,804810
0.9377681,0.00134461700,804901
1.0575806,0.00157069400,804902
0.99924999,0.00147562100,805001
1.1203531,0.00154400600,805002
1.1062884,0.00146113600,805105
1.0972767,0.00149760200,805106
1.1165391,0.00152622900,805107
1.0330158,0.00154998300,805108
1.0513179,0.00157354500,805109
1.0049524,0.00138146400,805110
1.1276286,0.00164333100,805111
1.1217057,0.00162090600,805112
0.92541063,0.00150365200,805201
0.87961197,0.00139734300,805202
1.0524752,0.00158782900,805301
1.082653,0.00170984900,805302
1.0469737,0.00151349200,805401
1.0622084,0.00160396700,805402
1,0.00140391500,805501
0.90853298,0.00141611900,805502
0.90589875,0.00142834800,805600
0.93089998,0.00134328000,805701
1.0048542,0.00147611300,805702
0.9310236,0.00139359200,805801
0.95754403,0.00144021200,805802
0.97950274,0.00146325300,805901
1.0020597,0.00154373500,805902
1.1952186,0.00155016600,806001
1.1617647,0.00150530400,806002
1.1324651,0.00158974100,806003
1.1048334,0.00157671400,806004
1.0745107,0.00155102300,806102
1.0364485,0.00160951800,806103
0.88414121,0.00126792000,806104
0.97619998,0.00137448700,806201
0.97061193,0.00131809700,806202
1.0525161,0.00158313100,806300
1.0468781,0.00158119900,806400
1.1823404,0.00163855700,806501
1.1342783,0.00163907000,806502
1.0962745,0.00166696000,806600
0.90561974,0.00133272500,806700
0.99150741,0.00148771900,806801
0.88116705,0.00130627100,806802
0.97216415,0.00138213500,806900
1.1403333,0.00165704600,807000
0.93844044,0.00144939000,807100
0.95702451,0.00136747600,807200
1.0057826,0.00140958300,807300
0.90110236,0.00130110700,807400
0.95769423,0.00137638200,807500
0.97396302,0.00139258400,807600
1.0069584,0.00146920500,807700
0.9879725,0.00149746200,807800
1.0540833,0.00158101100,807900
0.92377293,0.00139636800,808001
0.95987499,0.00141502300,808002
1.0429946,0.00148118600,808100
1.0625801,0.00159269300,808200
1.0031922,0.00139914500,808301
0.93595237,0.00136809700,808302
1.0581599,0.00157985400,808400
0.93512499,0.00131601500,808500
0.89737737,0.00135934300,808600
0.96603703,0.00128458900,808702
0.92028385,0.00140544200,808800
0.92019641,0.00132023000,808900
0.91785294,0.00138531300,809000
0.92407668,0.00139802800,809100
1.097754,0.00164867300,809200
0.97720432,0.00144417400,809300
0.93627959,0.00132144900,809400
0.97609091,0.00114788000,809500
0.96733952,0.00149768900,809600
0.99789828,0.00154400100,809700
0.8285625,0.00133118200,809800
0.92566669,0.00130789400,809900
0.95589983,0.00136506900,810000
0.91780001,0.00134129300,810100
1.0641493,0.00149593500,810200
1.006314,0.00153090100,810301
0.90810907,0.00146008200,810302
0.95822579,0.00147004600,810400
1.0257778,0.00151831600,810501
1.1344782,0.00162843600,810502
1.0784757,0.00158970800,810600
1.1601357,0.00162471300,810701
1.1450242,0.00164829000,810702
1.1258588,0.00167729500,810800
1.1313323,0.00165974300,810900
1.026282,0.00151910700,811000
1.1487,0.00159534000,811100
1.178,0.00162464700,811200
1.2228458,0.00174505000,811301
1.2339181,0.00181460100,811302
1.1223223,0.00152715100,811401
1.2610381,0.00166278500,811402
1.1649474,0.00167063800,811500
1.1086965,0.00146652700,811600
1.1813655,0.00184638800,811701
1.2592356,0.00167423100,811702
1.1491714,0.00160661800,811800
0.95435208,0.00144123500,811900
0.97140276,0.00143250800,812000
0.92680621,0.00144086900,812100
0.93613827,0.00146735400,812200
0.9739024,0.00131368600,812301
0.97412503,0.00142070700,812302
0.91025454,0.00138229500,812400
0.92598164,0.00145483300,812500
0.88770241,0.00125186200,812600
1.022288,0.00149193000,812700
0.99773914,0.00133382600,812801
1.0656826,0.00147909300,812802
0.9511714,0.00146926500,812900
0.89425707,0.00143923700,813000
0.93706298,0.00139523100,813100
0.92568177,0.00132077800,813200
1.0474319,0.00133038200,813301
1.1464131,0.00183469400,813302
1.1030848,0.00159927400,813400
1.1486957,0.00160323500,813500
1.1564447,0.00166659000,813600
1.0086091,0.00138350400,813701
1.136731,0.00168436800,813702
1.002,0.00137750200,813801
0.98038244,0.00153224900,813802
1.1247351,0.00161723600,813900
1.1229911,0.00157150000,814000
1.0298796,0.00148935600,814100
1.0770689,0.00164653200,814200
1.0463704,0.00154084200,814300
1.0953047,0.00153935000,814400
1.0724572,0.00154784500,814500
1.0827883,0.00158802800,814600
1.0132658,0.00149395800,814700
1.0220708,0.00152961300,814800
1.1820133,0.00179724400,814900
1.0462821,0.00168428400,815000
1.0801482,0.00159743300,815100
1.092267,0.00157046500,815200
0.97721028,0.00152142900,815300
0.98638254,0.00147334400,815400
1.0734849,0.00156757000,815500
1.0737712,0.00154408900,815600
0.99866664,0.00151802300,815701
0.96639514,0.00139420400,815702
0.90679997,0.00135088300,815800
1.0508364,0.00148578200,815900
0.85419714,0.00130681300,816000
1.0021501,0.00147204500,816100
1.1175556,0.00163318600,816200
1.1652666,0.00166627600,816300
1.0932772,0.00158710800,816401
1.0368235,0.00151402900,816402
1.237047,0.00186861000,816500
1.2053794,0.00163924300,816600
1.26025,0.00168043300,816700
1.069275,0.00159436800,816800
1.0944228,0.00157968600,816900
0.94264799,0.00144679900,817000
0.94303799,0.00144206900,817101
1.0069412,0.00150836400,817102
0.90540349,0.00142192100,817200
1.112,0.00162154000,817300
1.0193727,0.00146121600,817400
1.05592,0.00155304900,817500
0.92611146,0.00137488700,817600
0.92744434,0.00138248600,817700
1.0640875,0.00156966600,817900
1.0450302,0.00157902000,818000
1.0838667,0.00151140500,818100
1.1370847,0.00168498100,818200
1.0759094,0.00155065600,818300
1.1479456,0.00170682000,818401
1.119632,0.00163521300,818402
1.0402604,0.00155097000,818500
1.0285455,0.00145613900,818600
0.99538863,0.00138058700,818700
1.0042857,0.00142634700,818800
0.92763025,0.00140714800,818900
0.88425714,0.00135297500,819000
1.1066667,0.00158938500,819100
1.1941133,0.00168420700,819200
0.87657142,0.00128158900,819300
0.9783501,0.00138754100,819400
0.89757466,0.00123375200,819500
0.92380089,0.00145290300,819600
0.90799999,0.00138883700,819700
0.92604935,0.00142137200,819801
0.91599154,0.00138906100,819802
0.90322578,0.00135879000,819900
0.91692728,0.00146221800,820000
0.98928076,0.00142714300,820101
1.0212979,0.00142188900,820103
1.0650924,0.00151821800,820104
0.9689796,0.00139059700,820201
0.98636365,0.00136919200,820202
1.2477303,0.00180826300,820300
1.3003139,0.00179455100,820400
1.0662054,0.00151860600,820501
1.097875,0.00160084400,820502
1.0834341,0.00157312700,820603
1.1838605,0.00168204300,820604
1.099443,0.00140047900,820605
1.0636932,0.00147504900,820606
1.0843489,0.00148301700,820700
1.0218272,0.00145496600,820800
1.0869149,0.00146901700,820901
1.0744972,0.00142309600,820902
1.0164191,0.00148108300,821001
1.0622603,0.00142657500,821002
1.0652759,0.00151482100,821101
1.1625941,0.00163004800,821102
1.156353,0.00155593100,821200
1.0615129,0.00144361900,821300
1.1082954,0.00145773400,821401
0.95570093,0.00140503600,821402
1.7431999,0.00290480000,821500
1,0.00139872800,821600
0.90743345,0.00121036700,821700
0.99516338,0.00137663900,821800
1.0577682,0.00145219300,821900
1.2158333,0.00176563100,822000
0.97922254,0.00132868300,822101
1.1519121,0.00157432100,822102
0.96689391,0.00131832600,822200
1.0063077,0.00144185300,822301
1.0899668,0.00138465900,822302
1.1663077,0.00155918200,822400
0.96380681,0.00124536900,822500
1.1011794,0.00148223600,822601
1.1125345,0.00151505300,822602
1.1603909,0.00151865900,822701
1.1108502,0.00158315200,822702
1.1451553,0.00151694600,822801
1.1026652,0.00152588200,822802
1.1133794,0.00159631800,822900
1.2087097,0.00160683600,823001
1.076112,0.00152554300,823002
1.1152773,0.00153223900,823101
1.1377368,0.00163602100,823102
1.0620708,0.00154349400,823200
1.1190476,0.00158417600,823302
1.0804203,0.00156796100,823303
1.1174359,0.00157214300,823304
1.0223529,0.00144366400,823400
0.99599987,0.00146106800,823500
1.0641668,0.00142655300,823602
1.1347692,0.00110168200,823603
1.0455095,0.00155809100,823604
1.0513856,0.00156501100,823605
1.0244144,0.00145381300,823702
1.0593125,0.00145175700,823703
1.0506977,0.00146444200,823704
1.0638326,0.00153722700,823705
1.0193421,0.00153443100,823801
1.0416312,0.00148308000,823803
1.0610816,0.00139495400,823805
1.1110251,0.00158781300,823806
1.0553939,0.00148938300,823901
1.0341711,0.00154302100,823903
0.9915356,0.00142190300,823904
0.97777271,0.00147390700,824003
0.99701828,0.00145741100,824004
1.0158926,0.00149040500,824005
0.98712873,0.00144184600,824006
1.0562679,0.00148954700,824105
1.0157897,0.00139578500,824106
1.04352,0.00146547000,824107
1.0401578,0.00148084000,824108
1.0190625,0.00148170400,824113
1.004266,0.00145891300,824114
1.0514966,0.00143597900,824115
1.0661145,0.00147807000,824116
1.0328108,0.00146893800,824117
1.0281717,0.00153174300,824119
1.0003741,0.00136820200,824120
1.0205297,0.00144568600,824121
1.0287522,0.00134724800,824122
1.0498309,0.00149543800,824123
0.91996527,0.00141410400,824300
1.0139964,0.00147221900,824400
1.1179638,0.00157125100,824503
1.0464703,0.00150209100,824505
1.0757751,0.00147090200,824506
1.0551708,0.00149817600,824507
1.0524166,0.00148450600,824601
1.0236294,0.00146982700,824602
1.0979487,0.00157167300,824701
1.0619673,0.00153420300,824702
1.0459293,0.00140595900,824800
0.81284285,0.00107915600,824900
1.0799952,0.00154227400,825000
1.09725,0.00159573800,825200
1.0253704,0.00149696800,825302
1.0276,0.00146405300,825303
1.0539702,0.00143400800,825304
1.0922674,0.00148303100,825400
0.963853,0.00150584500,825501
1,0.00144111300,825503
0.93000001,0.00144030200,825504
0.98975348,0.00152511800,825505
1.1667352,0.00157324100,825600
1.0031477,0.00149813200,825700
1.1618462,0.00172075300,825801
1.1268792,0.00160691100,825802
0.96737897,0.00135343700,825803
1.051223,0.00149830900,825900
1.1629697,0.00142846800,826000
1.1142853,0.00147128800,826100
1.2698702,0.00166858100,826201
1.2387357,0.00163649800,826202
0.99272799,0.00133309100,826301
0.93749928,0.00140776500,826303
1.0917308,0.00170371500,826304
0.92078125,0.00126205800,826401
0.98016948,0.00136340100,826402
1,0.00139692900,826500
1.1717318,0.00157029400,826600
1.0773909,0.00159584400,826700
1.0479763,0.00145909600,826800
1.3405294,0.00139705300,826901
1.6504166,0.00194050000,826902
1.25,0.00178060400,827000
1.3376344,0.00160216900,827100
0.95639998,0.00133101400,827200
0.79670888,0.00117833300,827300
0.79296172,0.00115136900,827400
1.1874286,0.00132238500,827500
1.0842186,0.00176290800,827600
1.1637143,0.00150188900,827700
1.0530453,0.00150872800,827801
1.0103633,0.00153223500,827802
1.0048572,0.00149839800,827804
1.0641456,0.00161155500,827805
1.113143,0.00169918700,827901
1.1528424,0.00156171600,827902
0.95261788,0.00128190100,828000
1.0810349,0.00144243000,828100
1.0087681,0.00144181100,828201
1.0446403,0.00153050400,828202
1.2136706,0.00159289200,828300
1.0378014,0.00149162400,828401
1.0437288,0.00148520600,828402
1.4284,0.00197877200,828503
1.3424417,0.00188746600,828504
1.0588913,0.00149949200,828505
1.1219336,0.00162447200,828506
0.9930864,0.00140344500,828601
1.0495999,0.00151241300,828602
1.0875044,0.00153359800,828701
1.046,0.00147335900,828702
1.0458823,0.00154967000,828801
1.1253097,0.00156798200,828802
1.280125,0.00176307700,828900
0.50373334,0.00097742900,829000
1.0540625,0.00138848200,829100
1.1089468,0.00149407200,829200
1.0693077,0.00157832800,829301
1.2428445,0.00170517400,829302
0.84173286,0.00114810600,829401
1.1774311,0.00200656200,829402
1.0420294,0.00148870600,829500
0.7957716,0.00109120900,829600
1.060739,0.00168303400,829700
0.99351853,0.00150682600,829800
1.0442379,0.00150757700,829901
1.0483761,0.00147748500,829902
1.0560069,0.00157812900,830003
1.0887644,0.00164164800,830004
1.1316216,0.00161752500,830005
1.1052096,0.00160896700,830006
1.1190214,0.00162415300,830007
1.1185083,0.00171469800,830008
1.1887968,0.00164741000,830100
1.18725,0.00180307400,830201
1.1743869,0.00174778400,830202
1.2766854,0.00176640800,830300
1.2426949,0.00168381900,830400
1.41775,0.00192951700,830500
1.0091112,0.00150178100,830600
0.98657775,0.00127475700,830700
0.92240626,0.00135016700,830800
0.89098608,0.00134747200,830900
0.8228718,0.00123334300,831000
1.0845231,0.00162604300,831100
1.3991387,0.00204014200,831200
1.3950595,0.00184007900,831300
1.0741875,0.00160745900,831400
1.2430036,0.00190424400,831500
1.2785652,0.00191565100,831600
1.0809011,0.00162455000,831700
1.05628,0.00153541800,831800
0.93495238,0.00134634400,831900
0.93761796,0.00143143100,832000
0.91857171,0.00134057500,832100
0.90689188,0.00135155800,832200
0.88809699,0.00134020200,832300
0.74501514,0.00112872900,832400
0.93566197,0.00143406800,832500
0.89438963,0.00133856000,832600
0.90907693,0.00138325200,832900
0.77572942,0.00102133700,833000
0.7933023,0.00103552400,833100
0.95738983,0.00141924800,833300
1,0.00115218400,833900
0.90623999,0.00146503200,834000
1.0414834,0.00162091900,834200
0.87954545,0.00142792500,834300
0.99926829,0.00138040200,834400
1.2313746,0.00205514600,834500
0.91982609,0.00135539800,834600
0.57909089,0.00114135300,834700
0.5663352,0.00105459600,834800
0.77129561,0.00140984900,834900
1.0955126,0.00168113800,835000
1.2357925,0.00188698100,835100
1.0417777,0.00158051000,835200
1.2314615,0.00119918500,835500
0.58963412,0.00103903300,835600
1.0490284,0.00175632000,835800
0.91965717,0.00151480200,835900
1.0416033,0.00154118100,836000
1.2525877,0.00196582000,836100
0.77088422,0.00115797800,836200
0.98306286,0.00139062000,836300
1.0547712,0.00135457900,836400
1.0000666,0.00155197400,836500
0.92555368,0.00152703300,836600
1.2862898,0.00186540700,836700
1.1491288,0.00176020100,836800
1.1310909,0.00198693500,836900
1.0439682,0.00165480800,837000
1.046829,0.00170148300,837100
1.1790361,0.00186934300,837300
1.2277448,0.00198014200,837400
1.0255876,0.00144471100,837800
0.97167742,0.00148258700,838000
0.70980263,0.00102267000,838100
1.1556727,0.00189887400,838200
0.86535197,0.00106933000,838300
0.99407953,0.00154083700,838600
1.2701685,0.00160722900,838700
0.76518422,0.00126292300,838800
0.84517026,0.00119642200,839000
0.85727662,0.00102284700,839100
0.89602882,0.00136727900,839200
0.82244229,0.00140737800,839500
0.91397536,0.00147876200,839600
0.94493663,0.00129183600,839700
1.0682123,0.00164425200,839800
0.99804121,0.00142511600,839900
0.97416556,0.00146216600,840000
0.97846007,0.00150249900,840100
0.98508573,0.00147594000,840200
1.0299933,0.00147886500,840300
0.95170963,0.00141265000,840400
1.2141614,0.00185316600,840700
1.2820909,0.00141985400,840800
1.0162333,0.00134683700,841000
0.88572264,0.00130854400,841100
1.1209536,0.00172264500,841200
1.0185536,0.00162459200,841300
1.277909,0.00188011900,841400
1.0729058,0.00177272100,841500
1.6134087,0.00230908500,841600
1.0414125,0.00165774100,841700
1.21032,0.00186393900,841800
0.85707897,0.00119403000,841900
1.000369,0.00132491400,842000
1.39168,0.00203941100,842100
0.82052428,0.00107016700,842200
0.83020604,0.00117433000,842300
0.88472557,0.00153079100,842400
1.62175,0.00200164300,842500
0.97591114,0.00158319700,842600
1.1337904,0.00179842900,842800
0.36684781,0.00088832400,842900
1.2262716,0.00188591500,843000
1.2601552,0.00215192200,843100
1.0015421,0.00159814900,843200
0.99047059,0.00110796200,843300
1.2115715,0.00155821700,843400
1.2916418,0.00249229200,843500
1.0638782,0.00149221700,843600
0.86577451,0.00137926400,843700
0.86735713,0.00176430000,843800
1.2703934,0.00165639000,843900