tract2010,white,medhinc,count,mean,median
90100,0.932452261,78903,221,0.001477667,0.001451673
90200,0.943327248,85000,380,0.001491064,0.001466719
90300,0.940233231,83419,84,0.001435659,0.001457605
20200,0.609496713,62415,279,0.001424812,0.001408196
120100,0.902334452,103929,302,0.001422551,0.001438257
100200,0.921025336,76881,350,0.001503788,0.001494183
808100,0.881963849,39327,313,0.001481186,0.001418503
120200,0.872009039,89773,260,0.001505926,0.001476658
20301,0.834736824,55000,504,0.001512052,0.001462217
20302,0.656129003,56181,154,0.001520886,0.001462924
20601,0.615142465,43047,134,0.001516468,0.001487953
20702,0.502919078,41250,169,0.001708983,0.001678913
20602,0.480184346,41386,102,0.00164749,0.001572816
10100,0.372888327,31063,90,0.001500068,0.00145823
810200,0.408259273,61991,285,0.001495935,0.001492955
10300,0.523893535,41315,203,0.001493683,0.001428041
20100,0.3856242,50080,109,0.001596943,0.001571688
10201,0.358449608,38766,190,0.001545831,0.001434599
10202,0.438963801,36369,63,0.001396309,0.001428347
20400,0.543666005,52545,170,0.00158591,0.001539318
10701,0.549948215,54690,136,0.00140876,0.00141979
10702,0.462959349,39805,127,0.001621398,0.001595569
20500,0.348728687,36455,126,0.001635681,0.001611305
830600,0.499300689,42078,127,0.001501781,0.001413647
10600,0.567328215,50236,227,0.001363685,0.001378587
10501,0.493277937,34481,96,0.001530767,0.001402619
10400,0.662633896,43125,118,0.001278751,0.001352547
10502,0.586907446,28607,94,0.001522322,0.001493993
10503,0.634061158,20524,22,0.001405472,0.001348769
100400,0.91063273,82679,188,0.001455023,0.001436608
100300,0.923425615,57163,273,0.00142029,0.001404724
810400,0.947476625,74914,299,0.001470046,0.001410074
100500,0.879563928,77679,307,0.001573326,0.00155704
760803,0.853592038,40722,239,0.001925089,0.001822364
760801,0.724240184,49397,83,0.001687068,0.001598552
770902,0.919057071,47792,184,0.001499651,0.001524357
770901,0.88832593,49806,335,0.001412429,0.001447833
810501,0.946127951,64364,255,0.001518316,0.001502672
810502,0.895236254,47750,239,0.001628436,0.001635
760802,0.948154628,50288,136,0.001558054,0.001525278
170500,0.881927729,77802,223,0.001652387,0.001656265
170600,0.886709392,52219,108,0.001747307,0.001773497
170400,0.860723495,64815,194,0.00160758,0.00158871
170700,0.875503361,55691,136,0.001829882,0.001744192
170800,0.841440499,59559,167,0.001723422,0.001734034
170900,0.765323997,59782,66,0.001788416,0.001803711
20802,0.337067366,39406,164,0.001820828,0.001727172
20701,0.638497651,80329,63,0.001489618,0.001481063
20801,0.539574921,52500,152,0.001597836,0.001646091
130100,0.661016941,44654,189,0.001623271,0.001565788
130300,0.492693514,53384,145,0.00176556,0.00173702
120300,0.79120189,101402,394,0.001450612,0.001432048
130200,0.731586397,71806,110,0.001498836,0.001437863
110100,0.817282081,62520,271,0.001645493,0.001609875
100100,0.875023544,64352,248,0.001648748,0.001576893
100600,0.864859283,58578,281,0.001514335,0.001450737
100700,0.853501856,66429,306,0.001551763,0.001565548
110300,0.80875802,67361,257,0.00159495,0.001531304
110200,0.793493629,57641,106,0.001753559,0.0016828
110400,0.805147052,52155,196,0.00157686,0.001576815
150401,0.796578348,47972,171,0.001672116,0.001620753
110501,0.737658978,62552,179,0.001621783,0.001531509
120400,0.712375522,66210,151,0.001567221,0.001501422
110502,0.762290001,53594,156,0.00157995,0.001556093
140400,0.590301275,43628,204,0.001558007,0.001527088
831800,0.558209419,56791,169,0.001535418,0.001492955
140302,0.457537413,51056,90,0.001634767,0.001621113
140301,0.339328945,49699,41,0.001878308,0.001781814
140200,0.51735121,43549,91,0.001608388,0.00150869
40300,0.646464646,68125,138,0.001492803,0.001539706
40202,0.579528213,43604,250,0.001616641,0.001570011
40201,0.725796103,60612,373,0.00134692,0.001375081
140100,0.484848499,32031,61,0.001411168,0.001479735
140800,0.641318679,67880,285,0.001437487,0.001373328
40700,0.791226387,68611,232,0.001338231,0.001358531
40800,0.806472898,76979,104,0.001280413,0.001307099
160601,0.628939807,51393,167,0.001484928,0.001486604
160602,0.640847027,52353,180,0.001394121,0.001391916
50300,0.838054955,98523,172,0.001337178,0.001362198
140601,0.485642493,45972,59,0.001598721,0.001614844
140602,0.445617944,38346,115,0.00169848,0.001574036
140701,0.484486878,53924,72,0.001478365,0.001449571
140702,0.464199126,45064,130,0.001520972,0.001477743
160400,0.662541926,44813,191,0.00150117,0.001436685
160501,0.491881579,37260,147,0.001699877,0.00158849
160502,0.529295802,45439,126,0.001554383,0.001526256
160100,0.7086519,58547,99,0.001611227,0.00151305
160200,0.751379609,60781,167,0.001445441,0.001425925
140500,0.603424847,50651,85,0.0016885,0.001557701
831700,0.627469897,67037,98,0.00162455,0.001646617
160300,0.689035654,38485,143,0.001664382,0.001594333
150300,0.809947193,55551,253,0.001591232,0.001507624
150200,0.737533152,51205,244,0.001662865,0.00164016
810600,0.821708739,46868,139,0.001589708,0.001582729
150501,0.814967096,73102,164,0.001668271,0.001638855
150502,0.769797862,48933,145,0.001865111,0.001741286
150402,0.768914044,58125,138,0.001759771,0.001676621
170100,0.888698637,46667,223,0.001400526,0.001370394
170300,0.818873048,57950,211,0.001725952,0.001723043
171000,0.82118839,58100,322,0.001748058,0.001695056
170200,0.8224563,62851,130,0.001749384,0.001710706
150600,0.757866919,60609,165,0.001643338,0.001525205
171100,0.741362512,62222,155,0.001753481,0.001678432
151200,0.749227583,55724,143,0.001732511,0.001779055
150700,0.700086832,58293,138,0.001613364,0.001571783
150800,0.68598485,57953,144,0.001612738,0.00151285
151100,0.687431276,38939,128,0.001900941,0.001930884
151001,0.573252916,38694,54,0.002012904,0.001932363
151002,0.595139027,54416,128,0.001864766,0.00178357
161100,0.798495412,98704,131,0.001370452,0.001409083
161000,0.797891021,53835,66,0.001455538,0.00136666
161200,0.573720157,59327,78,0.001684294,0.001521525
161300,0.641000748,36514,81,0.001673897,0.0015642
160900,0.751767159,66523,117,0.001462933,0.001409063
160800,0.558663547,48785,165,0.001528246,0.001492998
831100,0.576009631,49085,241,0.001626043,0.001552464
160700,0.568640769,64992,224,0.00157446,0.001476058
843700,0.78223902,79688,172,0.001379264,0.001325002
210100,0.597318769,62545,230,0.00138369,0.001379679
210800,0.532608688,39808,21,0.001724785,0.00167448
210700,0.614527762,46500,125,0.001548752,0.001480552
210900,0.612125158,54188,139,0.001328647,0.001353482
220500,0.713632882,59375,148,0.001358338,0.001306508
220400,0.749899805,57639,90,0.001294594,0.001244541
830900,0.674313545,81302,244,0.001347472,0.001348003
220300,0.723120809,84688,121,0.001353748,0.001224494
210501,0.624615371,37125,70,0.001750827,0.001700974
210502,0.635755658,40833,92,0.001843149,0.001832308
210601,0.570554137,48926,70,0.001509897,0.001487545
210602,0.581891954,47457,106,0.001622257,0.001481834
220702,0.511576355,44101,82,0.001645865,0.001570055
220701,0.509455919,43507,68,0.001631957,0.001471024
220602,0.648301721,41957,165,0.001317798,0.001305762
220601,0.621177793,34312,56,0.001349484,0.001368513
200100,0.538125873,46346,94,0.001918394,0.001852114
190100,0.524517655,28924,43,0.002031848,0.001967567
210400,0.61285007,37583,73,0.001812363,0.001812832
190900,0.485784322,52917,36,0.001894954,0.001780979
200200,0.428044975,44868,65,0.001929511,0.001936256
190300,0.652916789,42730,129,0.001869202,0.00180827
190200,0.524004757,42829,111,0.001762335,0.001626745
190701,0.417935699,39325,50,0.001870411,0.001887799
190702,0.439926058,43524,65,0.002070809,0.002037818
190800,0.46848613,39111,120,0.001758953,0.001752325
190401,0.570119798,51147,136,0.001811516,0.001736118
190402,0.550934434,37365,143,0.00192556,0.001775708
190601,0.504290402,55257,80,0.001925707,0.001956845
190602,0.512690365,46042,117,0.001917617,0.001849053
180100,0.711825848,44760,253,0.001784933,0.0017428
831500,0.579553783,55136,130,0.001904244,0.001799381
831600,0.570563972,40810,155,0.001915651,0.001880591
250500,0.508755624,67646,318,0.001658736,0.001616983
191301,0.378914207,37214,64,0.001913322,0.00184049
191302,0.373261809,37277,77,0.001974456,0.001930435
250400,0.05996263,43633,92,0.001800714,0.001720711
191200,0.373215675,37792,51,0.002077607,0.002092606
191100,0.41448611,41875,96,0.00191865,0.00180859
250300,0.108359791,31788,93,0.001744237,0.001778238
250200,0.198201567,32750,45,0.001655185,0.001512065
200401,0.437968373,38979,45,0.001954113,0.001717314
191000,0.475576401,38429,19,0.001984885,0.001893093
200300,0.390674502,40833,18,0.001596525,0.001668923
200402,0.350773424,41091,56,0.001912321,0.001815483
831200,0.384983063,36271,46,0.002040142,0.002064333
831300,0.16796875,38482,11,0.001840079,0.0019208
230500,0.354901969,26250,18,0.002190278,0.001929774
220902,0.47404331,46518,83,0.001169265,0.000940563
220901,0.435963422,45202,45,0.001630232,0.001584292
221100,0.590349078,42039,177,0.001377036,0.001284918
221000,0.461512148,39792,78,0.001496173,0.001414284
222900,0.405144691,40123,25,0.001665341,0.001545749
230400,0.470295131,47500,33,0.00196693,0.00186232
222800,0.386405945,16324,23,0.001459137,0.001256113
222700,0.516331077,42608,83,0.001307539,0.001408865
230300,0.387695313,42500,10,0.001560619,0.00139801
230200,0.448979586,52188,40,0.00149999,0.001392464
221200,0.646153867,53478,194,0.001281115,0.00128684
221300,0.6238361,41116,113,0.001263575,0.00127981
221400,0.614238381,45724,149,0.00122702,0.001192831
221500,0.64581126,41771,131,0.001321503,0.001264205
832400,0.684376001,81667,312,0.001128729,0.00113112
222600,0.565543056,36228,63,0.001356754,0.00126025
222500,0.510638297,49167,52,0.00155737,0.001492372
230100,0.452248931,37571,49,0.001533086,0.001421821
240800,0.497217059,32391,60,0.00136037,0.001266398
240700,0.512052119,55833,79,0.001435352,0.001319102
240600,0.704873025,103009,157,0.00116919,0.001185345
30200,0.729744852,67115,376,0.001384323,0.001415979
30104,0.651453435,32537,19,0.001284529,0.001116576
30102,0.592384517,33583,171,0.00121069,0.00122272
30103,0.596473038,26096,77,0.001141416,0.001118622
30101,0.518109441,37821,218,0.001351697,0.001270495
30500,0.685848296,62623,420,0.001332868,0.001345811
30601,0.543120623,32636,135,0.001530871,0.001442241
30604,0.534946263,42810,265,0.001362862,0.001271446
30603,0.49212411,26596,28,0.001472601,0.001433084
20901,0.352231383,38426,86,0.001902804,0.00194641
20902,0.488800734,38854,118,0.001835123,0.001828363
30300,0.516556263,32684,85,0.00154005,0.001553734
30400,0.677347243,36857,171,0.001417655,0.001411
40100,0.700627327,55300,245,0.001416715,0.00141797
30900,0.7318362,69792,215,0.001402772,0.001380427
40401,0.76617074,67139,211,0.001400064,0.001393944
40402,0.781781554,61738,363,0.001320884,0.001366
31000,0.73140043,63433,292,0.001224663,0.001330807
30800,0.770457685,72243,269,0.001367569,0.001362662
30701,0.53389281,34464,135,0.000798342,0.000934821
30706,0.659349799,38977,381,0.001290212,0.0012835
30703,0.606713772,40313,173,0.00128849,0.001332368
31100,0.693548381,49955,221,0.001443044,0.001416
31200,0.38385269,16650,190,0.001384551,0.00142899
31300,0.507348776,32930,385,0.00137311,0.001350872
31400,0.789514542,63750,551,0.001389237,0.0013326
31700,0.580060899,41645,523,0.001406286,0.001438929
31800,0.753296733,62841,156,0.001310078,0.001342993
31900,0.778211832,67273,182,0.001326574,0.001338164
830700,0.49870497,37692,213,0.001274757,0.001376498
31501,0.390154302,25040,79,0.001401649,0.001419956
31502,0.360817641,28964,128,0.001356011,0.001406142
60100,0.8703776,96094,297,0.001378189,0.001400542
32100,0.690017045,45525,458,0.001297989,0.001368068
40600,0.835661471,66266,138,0.001331364,0.001385528
40900,0.83794874,54423,119,0.001300843,0.001282078
830800,0.7745713,57887,129,0.001350167,0.001377247
50200,0.835228443,64051,495,0.001242893,0.001313089
50100,0.862882078,72750,196,0.001364726,0.001370815
60200,0.774514437,54125,121,0.001294489,0.001358483
50500,0.884097576,92589,425,0.001211543,0.001289306
50600,0.893288255,82616,343,0.001157338,0.001296571
60300,0.883761883,104583,272,0.001352496,0.00134863
50900,0.83896476,89750,101,0.001368957,0.001406208
50800,0.883630693,118864,114,0.001397475,0.001423978
51000,0.857618093,85625,185,0.001271997,0.001357638
51100,0.878534675,76694,168,0.001328716,0.001320225
50700,0.885754585,89268,213,0.001196041,0.001287228
831900,0.916451991,100786,339,0.001346344,0.001388832
51200,0.893799484,91685,148,0.001370514,0.001376921
62500,0.859051466,109167,220,0.001210116,0.001306743
60400,0.900890231,106000,365,0.00133458,0.001368524
60500,0.764705896,42042,89,0.001413843,0.001429389
61200,0.904182136,96667,139,0.001333621,0.001309856
832100,0.710646033,65404,334,0.001340575,0.001360617
61100,0.925308168,85337,121,0.001403543,0.001427432
61000,0.899210691,90078,178,0.001407865,0.00141899
61500,0.915055633,95000,120,0.001372829,0.00139592
62400,0.919071078,109609,201,0.001323539,0.001379802
62300,0.918043613,105438,197,0.001372241,0.001388036
832000,0.888209105,109219,221,0.001431431,0.001440556
62200,0.891986072,109871,444,0.001402752,0.001385519
62100,0.8582654,78750,353,0.001383363,0.001418815
60800,0.768244803,67820,668,0.001212504,0.001251861
60900,0.789427698,53699,818,0.001261171,0.00126428
61800,0.799460411,51250,42,0.001396501,0.00139632
62000,0.876216412,78904,266,0.001309019,0.001338623
61901,0.818817377,53833,285,0.001320536,0.001313402
61902,0.852830172,50346,362,0.001315814,0.001266259
63100,0.866543949,61786,218,0.001334828,0.001368691
63200,0.839401126,54358,538,0.001251364,0.001317296
63400,0.859633029,66198,220,0.001169957,0.00130456
63301,0.793638766,44464,168,0.001255969,0.001322505
63302,0.845845819,67802,384,0.001126251,0.001195742
63303,0.893422127,73077,163,0.001382543,0.001381854
70200,0.853076935,84223,380,0.001260162,0.001341279
70102,0.854952335,63567,366,0.001258349,0.001291638
70101,0.874868274,66329,389,0.001351486,0.001353203
70103,0.826214135,50872,83,0.001183555,0.001257872
62700,0.881057262,102120,312,0.00133083,0.001360509
62800,0.90929836,102162,448,0.001289988,0.001341554
62900,0.901408434,109167,531,0.001346273,0.001383797
63000,0.853010416,68594,299,0.001388469,0.001398912
70600,0.882254303,134018,495,0.001338666,0.001369366
70500,0.904030025,108958,389,0.001275934,0.001309896
70400,0.88672924,81800,384,0.00133969,0.001381744
70300,0.898425877,91910,488,0.001346176,0.001376189
51400,0.730861843,74655,271,0.001281437,0.001333697
51300,0.872158051,155500,438,0.001447624,0.001445347
62600,0.86477989,103125,359,0.001407206,0.001413357
70700,0.794599235,106071,500,0.001344514,0.001362106
221600,0.819467843,64855,316,0.001370115,0.001364331
832200,0.870408177,89420,297,0.001351558,0.001363951
832300,0.812834203,100197,216,0.001340202,0.001367798
222200,0.848326385,114038,263,0.001200965,0.001250236
240500,0.860506415,107394,602,0.001127934,0.001238907
831000,0.851730585,117180,377,0.001233343,0.001269112
240300,0.884586155,102188,162,0.001127765,0.001186383
240200,0.834710717,100664,227,0.001256655,0.001262731
832500,0.838325024,61484,371,0.001434068,0.001430516
71100,0.879755437,103250,209,0.001329968,0.001359136
71000,0.857496619,93972,286,0.001318954,0.001360635
842300,0.703144252,106193,450,0.00117433,0.001250607
832600,0.917628109,123851,540,0.00133856,0.001379932
71200,0.88090241,80321,209,0.001304835,0.001327525
71300,0.896100223,90969,414,0.001345588,0.00135821
71400,0.850765884,72907,452,0.001284084,0.001308532
71800,0.775132298,116510,263,0.001248669,0.001307277
71600,0.865395427,131100,200,0.001349204,0.001367129
71700,0.805084765,126736,155,0.001335934,0.001348482
71500,0.884188652,85528,646,0.001272258,0.00130711
241100,0.54291147,48099,210,0.001369803,0.001309431
241000,0.45627749,37083,77,0.00151225,0.00132381
242600,0.603498518,46215,210,0.001414023,0.001400864
240900,0.456006765,36250,24,0.001408205,0.001236975
836600,0.315648973,25921,40,0.001527033,0.001360855
242700,0.407097101,23688,67,0.001659893,0.001547356
242500,0.719313562,42451,204,0.001373597,0.001355761
230700,0.320710242,38319,67,0.001899413,0.001698607
230900,0.384330422,34512,90,0.001516247,0.001302805
230800,0.44901064,52667,18,0.001847597,0.0017902
231200,0.10319934,22576,80,0.001339332,0.00145082
230600,0.250073344,33011,58,0.002054002,0.002153961
842100,0.184073687,27443,69,0.002039411,0.002089412
250700,0.032305673,29283,51,0.001749136,0.001564023
250800,0.044212218,39500,33,0.001715436,0.00159576
251200,0.028598666,40391,49,0.001608299,0.001458324
251100,0.019060902,26464,34,0.001930315,0.001759768
251000,0.023708722,23214,4,0.001500977,0.001443232
250600,0.029398462,46927,69,0.001472037,0.001377529
251300,0.023166023,30039,49,0.001508123,0.00146815
251400,0.051468741,28824,35,0.001546788,0.001350026
252000,0.017835286,21822,24,0.001763743,0.001545824
251500,0.020275921,32135,28,0.001844768,0.001925696
251600,0.014524527,28826,28,0.001908655,0.001771113
251700,0.037458193,22230,10,0.00160951,0.001428407
251900,0.018146921,22587,39,0.001170335,0.0011904
251800,0.004890454,19722,21,0.002238476,0.002135098
260300,0.008951407,22609,3,0.001593524,0.001704651
231500,0.032290116,19455,45,0.002083454,0.002066323
836700,0.065498538,24554,25,0.001865407,0.001922313
836800,0.044720031,14909,30,0.001760201,0.001931396
242800,0.867688,61563,95,0.001469168,0.001448031
837100,0.103353493,30032,28,0.001701483,0.001721165
836900,0.075589456,48250,11,0.001986935,0.001894
837000,0.047482014,17182,25,0.001654808,0.001658286
837800,0.143776819,41279,82,0.001444711,0.001462864
837400,0.08161474,25816,31,0.001980142,0.001883015
271200,0.034188036,31049,10,0.0016647,0.001767222
280800,0.038410597,19074,23,0.000929539,0.000682824
282700,0.269050658,54602,80,0.001711493,0.001618836
837300,0.060410794,25222,33,0.001869343,0.001919551
271800,0.019587629,30573,9,0.001892844,0.001820297
838600,0.046307884,13927,11,0.001540837,0.001506267
260800,0.022055928,24761,7,0.001736243,0.001955056
270500,0.012433393,16554,12,0.001567879,0.001530105
260900,0.013513514,21477,8,0.001540543,0.001880073
843000,0.00294365,16268,13,0.001885915,0.001849902
271500,0.015032212,29792,9,0.002064291,0.001993523
252202,0.006725971,37724,22,0.001805827,0.001836359
260500,0.005687694,26447,6,0.001801759,0.001828064
260700,0.007874016,25685,16,0.001578803,0.001617618
260600,0.010492332,25335,6,0.001529705,0.001678922
261000,0.003449763,43487,15,0.001898311,0.001874251
252102,0.004504505,28257,32,0.001449678,0.00152084
252201,0.024043346,27553,11,0.001752969,0.001658923
252101,0.021167884,30509,3,0.001464246,0.001557105
831400,0.169028342,28750,20,0.001607459,0.001516527
290900,0.018763797,17104,25,0.001848825,0.001734429
292500,0.008937198,27122,9,0.001982212,0.002123451
838700,0.012042819,21123,29,0.001607229,0.001731139
291200,0.011607143,19375,17,0.001541858,0.001423557
841500,0.016880486,22500,12,0.001772721,0.00178292
292200,0.022627492,24008,26,0.00196205,0.001988935
841400,0.03399615,17500,5,0.001880119,0.002054343
841700,0.171983361,16094,16,0.001657741,0.001577704
843100,0.058668077,28750,12,0.002151922,0.001936101
842900,0.146518588,15035,29,0.000888324,0.000566739
840700,0.401741594,29181,16,0.001853166,0.00185902
301100,0.44516623,27727,10,0.001905623,0.001729941
301200,0.421485543,35918,6,0.001792119,0.001944094
300500,0.369358301,35463,19,0.001886444,0.001856452
300600,0.378268987,38958,12,0.001616282,0.001630917
300700,0.361185998,31545,10,0.002405701,0.002358733
300800,0.380911052,30409,12,0.002203189,0.00220137
301702,0.522373319,28125,21,0.001805189,0.00159456
840800,0.452099025,33140,9,0.001419854,0.001001909
301600,0.46003437,29362,20,0.002280546,0.002416946
843400,0.053756032,45682,8,0.001558217,0.001883462
301802,0.440306991,37928,13,0.001930143,0.0019
301803,0.495239884,34219,24,0.001967084,0.001920963
830500,0.648712456,49115,21,0.001929517,0.002010348
580300,0.437757611,29167,14,0.002084824,0.002067612
580200,0.433854908,31335,31,0.00176666,0.001719304
840300,0.432911396,40197,84,0.001478865,0.001490614
580100,0.494814306,36771,45,0.001841961,0.001882637
80100,0.906036913,81341,812,0.00128571,0.001323107
81202,0.905843079,81452,487,0.001326177,0.001332316
81201,0.843064785,69792,847,0.00114773,0.001240301
81300,0.841523349,87396,947,0.001271318,0.001318
80400,0.357887417,22917,282,0.001342627,0.001353628
842200,0.496350378,64907,379,0.001070167,0.001196246
80300,0.83198148,92744,747,0.001160929,0.00124618
80201,0.894736826,74727,601,0.001294259,0.001301329
80202,0.889651239,87136,591,0.001264367,0.001287318
838300,0.294297963,46339,184,0.00106933,0.000945249
81900,0.406457752,97500,202,0.00096763,0.001117008
81800,0.842266262,93024,2174,0.001076365,0.001177096
81000,0.751656532,49429,445,0.001161383,0.0012429
81100,0.745329678,54871,397,0.001194764,0.001271576
241600,0.709232092,65058,218,0.001365434,0.001358179
242000,0.582475364,52242,290,0.001393807,0.001353042
241200,0.715801895,89183,127,0.001463467,0.001390326
241400,0.805005431,84479,403,0.00131359,0.001337625
241300,0.775444269,97596,167,0.001264991,0.00129053
241500,0.783426166,86903,328,0.001314822,0.001331161
242300,0.864814818,72042,296,0.001308728,0.001302242
242400,0.900144696,66190,147,0.001313683,0.001329102
242200,0.786350965,79858,436,0.001288181,0.001310593
242100,0.754111826,90670,488,0.001329364,0.001305458
242900,0.804191589,47022,136,0.001383156,0.001339641
243000,0.720961869,66755,222,0.001377818,0.001376076
243100,0.622658312,68446,200,0.001360422,0.001348565
243200,0.637327194,89048,212,0.001337754,0.001386109
280400,0.087847732,24531,18,0.001585172,0.001477445
243300,0.767393112,66417,224,0.001382981,0.001393269
243400,0.616127968,63902,239,0.001364886,0.001328166
243500,0.727613211,96023,401,0.00123616,0.001272242
833000,0.763367057,111181,676,0.001021337,0.001146401
81700,0.683107674,90136,630,0.001137565,0.001206926
81600,0.792947829,86786,640,0.001187399,0.001248713
280100,0.768678188,99583,1082,0.00092935,0.001103082
839100,0.629195392,73425,642,0.001022847,0.001063185
81500,0.775976241,93938,1525,0.001164467,0.001245055
81403,0.703804791,88523,1018,0.001163109,0.001237988
81401,0.760421216,76699,290,0.001253885,0.001287511
81402,0.713410318,101640,1119,0.001124484,0.001232324
320100,0.690910757,91250,1706,0.001054321,0.001179092
320400,0.705718815,89167,369,0.000919662,0.000957796
320600,0.618656039,65575,604,0.001052775,0.001154075
281900,0.555532634,92321,851,0.001046935,0.001130552
841900,0.534635127,88226,489,0.00119403,0.001243673
839000,0.682396412,73423,826,0.001196422,0.001238868
833100,0.689050019,104930,1607,0.001035524,0.001143902
832900,0.665009022,39300,79,0.001383252,0.001383535
283200,0.447115391,49609,96,0.001261919,0.001278854
283100,0.359970391,39180,41,0.001417227,0.001452712
833300,0.59789288,56058,87,0.001419248,0.001413923
838000,0.177274495,21979,85,0.001482587,0.001422932
280900,0.060509555,13516,18,0.001279751,0.001202331
838100,0.240513712,28587,72,0.00102267,0.001049615
282800,0.507392049,61250,41,0.001709628,0.001633578
841200,0.444697827,37363,36,0.001722645,0.001686481
310900,0.429435879,38081,40,0.001809303,0.001743225
310800,0.446855634,39635,32,0.001586323,0.001342019
283800,0.331344903,50781,218,0.000826561,0.0005905
310600,0.459270626,29778,38,0.001427395,0.001366973
310700,0.475768328,29236,18,0.001182907,0.000882215
310300,0.4890984,49676,48,0.001643069,0.001564323
310500,0.41882354,30139,14,0.001663826,0.001748396
310400,0.501501501,39792,32,0.001508324,0.001330981
330200,0.434051484,74519,381,0.001218805,0.0012945
310200,0.585329354,50500,33,0.001218823,0.001283439
843200,0.498920858,34881,34,0.001598149,0.001593462
841100,0.055279847,22000,198,0.001308544,0.001368979
330100,0.544368088,71563,3472,0.000986728,0.001094603
841000,0.2508834,32167,89,0.001346837,0.001493955
839200,0.105697446,44665,98,0.001367279,0.001255134
840100,0.301873922,31090,58,0.001502499,0.001480515
840200,0.278443128,58415,65,0.00147594,0.001548057
600400,0.34284246,41652,73,0.00160796,0.001500324
340300,0.21164614,23056,26,0.001481808,0.001457762
340400,0.17368421,31569,37,0.001324255,0.001359486
600600,0.448867798,34479,63,0.001530532,0.001521846
600700,0.427897841,34878,69,0.001494644,0.001412375
841300,0.533945799,32012,52,0.001624592,0.001612483
840400,0.381539375,30847,62,0.00141265,0.001384508
590500,0.482057422,52625,53,0.001430599,0.001396739
590600,0.539562285,44383,62,0.001586058,0.001470153
590700,0.588387072,40938,48,0.001627062,0.001628781
600900,0.461205721,38214,72,0.001515658,0.001339106
839700,0.564031422,40000,208,0.001291836,0.001415123
839900,0.677205861,63529,149,0.001425116,0.001483489
839800,0.550549448,50833,63,0.001644252,0.001600194
840000,0.532467544,60863,106,0.001462166,0.001458931
340500,0.500647664,17167,22,0.001595585,0.001599505
351500,0.141176477,30652,30,0.00124118,0.001298414
842000,0.385932952,59500,44,0.001324914,0.001450187
839500,0.110679612,21292,44,0.001407378,0.001252816
351000,0.044689316,44728,28,0.00143264,0.001537859
839600,0.046106558,28686,38,0.001478762,0.001426978
351100,0.009693878,13178,2,0.001491317,0.001491317
836500,0.018048128,23182,13,0.001551974,0.001512333
580501,0.491612405,43274,65,0.00184188,0.001814632
580502,0.462142467,45712,71,0.001910576,0.00174792
580700,0.442398578,36554,69,0.00181093,0.001736
580600,0.491231233,39542,60,0.001852709,0.00180955
842800,0.485729516,36620,77,0.001798429,0.001685194
570100,0.556881487,52115,37,0.001672947,0.001680392
580400,0.427945763,35663,78,0.001640115,0.001619404
560100,0.516632736,31354,21,0.001488119,0.001417156
570200,0.604220271,46477,54,0.001653759,0.001518756
560200,0.07553748,47917,33,0.001630491,0.001427731
560900,0.880424082,74098,248,0.001373807,0.00132443
560800,0.823507667,62731,216,0.001436388,0.001438801
560300,0.665202379,55200,141,0.001529053,0.001532437
560700,0.762629151,44286,112,0.001518745,0.001533167
835200,0.681553423,46452,57,0.00158051,0.001490778
570300,0.525506854,41947,166,0.001658249,0.001627556
560400,0.645118713,64904,43,0.001506346,0.001524882
570500,0.598700225,40456,54,0.001686636,0.001619632
620200,0.595141709,43854,89,0.001608919,0.001597704
570400,0.518885434,43839,35,0.001751489,0.001621778
620100,0.515737951,49659,108,0.001609997,0.00161827
630300,0.425104141,40750,78,0.001663182,0.001625051
630200,0.446918696,30729,23,0.001765495,0.001846765
630400,0.472539872,32886,97,0.001846026,0.001649381
630500,0.487115026,39844,54,0.001871003,0.001802242
630800,0.45673281,34300,67,0.001932159,0.001918348
835100,0.395418137,38516,44,0.001886981,0.00174733
660302,0.326035827,38859,55,0.00190044,0.001919
660301,0.216246501,28083,19,0.001993675,0.001902324
835000,0.154205605,28991,68,0.001681138,0.001639168
620400,0.580800295,52292,111,0.001736799,0.001786484
630900,0.476226002,38967,73,0.0015981,0.00147023
650100,0.557101309,41332,98,0.00183333,0.001719105
660400,0.447650999,35259,88,0.001690752,0.001549901
620300,0.605875909,42431,232,0.001718653,0.001666078
640100,0.639966965,36689,35,0.00153509,0.001484649
650200,0.604918003,53171,183,0.001626792,0.001591882
561100,0.824486792,77222,238,0.001458674,0.001437171
640300,0.782144487,55952,247,0.001616583,0.001590216
561000,0.884130955,62500,255,0.001435337,0.001378189
640400,0.846394956,66042,159,0.001529618,0.001518622
640500,0.817817271,61600,175,0.001527085,0.001465758
640600,0.774028659,45391,157,0.001619235,0.0015925
640700,0.745563984,59162,113,0.001722528,0.001630361
640800,0.549533784,52348,63,0.001752762,0.001665032
650301,0.627385736,56339,211,0.001611244,0.001530437
650500,0.546482682,44915,191,0.001639667,0.001553333
650302,0.528314888,49705,99,0.001650435,0.001581762
660500,0.441633552,39750,86,0.001641688,0.001470413
650400,0.484799057,44679,223,0.0017552,0.001695407
660600,0.174009159,33787,63,0.001689221,0.001599333
660800,0.142881498,32289,68,0.001770715,0.001704795
660900,0.076086953,31136,43,0.0018052,0.001860364
661100,0.304646909,45067,189,0.001568199,0.001500074
661000,0.046617597,35234,89,0.001659071,0.001541176
700200,0.488122255,58381,213,0.001608368,0.001551161
700100,0.159614816,56131,113,0.001503445,0.001440525
700301,0.616096377,51141,237,0.001578924,0.001569706
700302,0.623613477,62269,250,0.001585688,0.001547598
700401,0.230795205,73949,227,0.0014489,0.001341742
700402,0.210526317,82599,145,0.001502683,0.001407259
700501,0.056000002,81848,219,0.001499252,0.001373147
700502,0.088603422,76384,72,0.001582337,0.001525298
836400,0.033232629,23176,139,0.001354579,0.00135441
390200,0.080978259,60130,88,0.001456208,0.001463884
390300,0.028071454,23077,34,0.001209475,0.001213325
390100,0.040220819,39688,39,0.001524026,0.00131778
835900,0.016202996,26250,57,0.001514802,0.00145445
380200,0.013095238,19167,13,0.001416072,0.001335417
380100,0.033264033,26713,54,0.00128232,0.001207945
380700,0.023330651,36979,10,0.00177441,0.001909073
835800,0.026649747,53214,32,0.00175632,0.001566516
836000,0.027560864,57227,72,0.001541181,0.001578204
381200,0.010613752,34527,33,0.001357056,0.00136092
843600,0.023156395,22373,78,0.001492217,0.001486513
842600,0.647229612,57788,81,0.001583197,0.001459078
610800,0.860014379,76801,31,0.001507645,0.001411964
835500,0.031007752,13788,9,0.001199185,0.00088814
610300,0.391304344,32128,54,0.001169775,0.00110807
630100,0.333910048,41806,7,0.001404481,0.001091448
611500,0.366975039,31954,22,0.001891879,0.001777299
611300,0.390888631,29419,18,0.001770209,0.001646037
611400,0.392691851,30396,16,0.00169358,0.001575202
611600,0.094468616,45994,13,0.001452014,0.001242755
611700,0.113567837,25493,19,0.001237318,0.00100175
611800,0.086956523,26902,25,0.00129486,0.001096235
611200,0.325424939,32262,15,0.00159161,0.001748957
611100,0.310403824,27708,6,0.001657084,0.001492101
611000,0.088342443,17019,7,0.001556241,0.001113333
611900,0.074816629,25915,15,0.001096888,0.000901515
612000,0.018770227,34245,13,0.001501721,0.001212857
612100,0.026530612,30000,5,0.001878847,0.002249091
843800,0.291943133,35238,17,0.0017643,0.001445429
835600,0.011676397,18071,6,0.001039033,0.000834728
381400,0.006823821,55093,21,0.001616711,0.0013611
381800,0.027777778,23726,63,0.001336268,0.001412067
381900,0.047876447,33250,43,0.001335662,0.001268876
836100,0.026121521,29375,11,0.00196582,0.001921806
400300,0.005743459,41641,17,0.001801242,0.001564768
390400,0.05419223,21439,47,0.001445739,0.001475683
390500,0.229036301,44962,58,0.001127559,0.001136955
390600,0.465702027,57768,101,0.001329516,0.001402373
390700,0.264663815,47727,175,0.001376788,0.001275
836300,0.260869563,56076,60,0.00139062,0.001429034
410500,0.328118891,45647,124,0.001475546,0.001411223
410600,0.529007316,49655,59,0.001278341,0.001289048
410200,0.528066516,23885,25,0.001473794,0.001471662
410700,0.585422456,44539,55,0.00134914,0.001321216
410800,0.407212615,39449,132,0.001531108,0.001492771
410100,0.301886797,33942,35,0.00133546,0.00126825
410900,0.48238197,60174,129,0.001395735,0.001366941
411000,0.53278935,50653,85,0.001374687,0.001390578
411200,0.696341455,69750,103,0.001160823,0.001133363
411100,0.718105078,75054,116,0.001298045,0.001238516
420400,0.199398041,19358,41,0.001142633,0.001220687
420300,0.347668797,40455,23,0.001349005,0.001254972
420200,0.169471845,30673,37,0.001705818,0.001617064
400500,0.005314438,24194,11,0.001850458,0.001805647
400400,0.005626598,24583,24,0.001424786,0.001368506
834500,0.006101695,23913,13,0.002055146,0.001897305
420600,0.009914376,16552,35,0.001514764,0.001631379
420500,0.012195121,23125,18,0.002110248,0.00222454
834700,0.008662175,23156,29,0.001141353,0.000899887
834600,0.009264161,18829,29,0.001355398,0.00121395
834800,0.004096262,16558,20,0.001054596,0.000910275
670200,0.005797102,24152,14,0.001289359,0.000993323
670100,0.007915568,33026,18,0.001534033,0.001239849
680500,0.008102633,21364,15,0.001339956,0.001069891
670900,0.002220577,34167,9,0.001111171,0.000931875
670800,0.003058104,28250,12,0.001509305,0.001299543
680600,0.007686932,14676,21,0.001018774,0.00090104
670500,0.01665405,27443,5,0.001212861,0.001450085
670400,0.013292434,36250,11,0.001346924,0.001195952
670300,0.024096385,21394,8,0.001414212,0.000808173
670600,0.007878788,31033,6,0.001324879,0.001175006
660700,0.017328825,25742,15,0.001621568,0.001553451
671400,0.01496139,35938,6,0.001768982,0.001784811
671300,0.006324405,29265,12,0.001288129,0.001337932
671200,0.006389776,27275,5,0.00107025,0.001042554
671500,0.007761565,23919,23,0.001306804,0.001121122
671100,0.009531374,19652,5,0.001149543,0.000864036
681000,0.006289308,20060,26,0.001182052,0.000966118
671600,0.004408818,19766,11,0.001331459,0.001256154
834900,0.007922535,14451,12,0.001409849,0.001261706
681100,0.003127666,24566,15,0.001104031,0.001039396
680900,0.006966907,16586,7,0.001373825,0.001165747
681200,0.004050074,15110,13,0.001340781,0.001181304
690300,0.009128252,19667,6,0.001631266,0.001497996
420700,0.005519779,28793,34,0.001633408,0.001646891
690400,0.004907621,24960,16,0.001797201,0.00184181
421200,0.002173913,23400,20,0.001580009,0.001630843
690500,0.006841505,26453,8,0.001785766,0.00149645
420800,0.023045639,27292,65,0.001203168,0.001100886
834400,0.0490456,33750,121,0.001380402,0.001349552
843900,0.036512878,29094,58,0.00165639,0.001712785
430300,0.008561644,42946,27,0.001374945,0.0012355
430200,0.022008548,20417,65,0.001783508,0.001642818
430101,0.009758743,31580,44,0.000807808,0.000615865
430102,0.016537294,27376,18,0.00163439,0.001581556
430500,0.007491676,22922,15,0.00183531,0.0017246
430900,0.004961411,29250,24,0.001455914,0.001291704
430600,0.023423424,36683,27,0.001813813,0.001630917
430800,0.010777084,34782,19,0.001642331,0.001671247
834200,0.00829288,40482,54,0.001620919,0.001596829
431200,0.010721248,49417,72,0.001461471,0.001285918
841800,0.014770459,26952,33,0.001863939,0.001749637
430400,0.009681881,34511,25,0.001613243,0.001536333
691500,0.012953368,30565,16,0.001451327,0.00139941
834300,0.011415525,48849,119,0.001427925,0.001363103
691000,0.006420546,40507,43,0.00141015,0.001343464
690900,0.002654867,33490,43,0.001640447,0.001592667
691300,0.008986929,44083,57,0.001463775,0.00128675
691400,0.012461922,38808,58,0.001446069,0.00130108
681300,0.001362398,22424,16,0.001244138,0.00125562
691100,0.008573178,23200,16,0.001462557,0.001516353
710100,0.011764706,13679,6,0.001752978,0.001982573
671900,0.002177068,42969,6,0.00140804,0.001352808
671800,0.007032349,19915,5,0.001122396,0.001204643
681400,0.004619649,21701,26,0.001396547,0.001310875
710300,0.002121641,23810,15,0.001749381,0.001592182
710700,0.003070053,27679,32,0.001200401,0.001187211
710200,0.003565062,23217,24,0.001541587,0.001445103
710800,0.003184713,37173,41,0.001454961,0.001428921
672000,0.006425703,35247,21,0.00182434,0.00165135
710400,0.005131835,33650,69,0.001487867,0.0013564
710500,0.002425418,27038,60,0.00131677,0.001117831
711200,0.002332361,45304,88,0.001390488,0.001190094
710600,0.001088139,20640,13,0.001270935,0.001238519
711100,0.003880071,26424,57,0.001269244,0.001178862
711000,0.004604316,32898,38,0.001403337,0.001306081
710900,0.005914468,24152,29,0.001543522,0.001392918
842400,0.009382566,30065,74,0.001530791,0.001415566
440300,0.006726929,45839,104,0.001564943,0.001430322
440201,0.00256917,26596,54,0.001635604,0.001607088
440202,0.004001334,25998,52,0.001587889,0.001379005
440101,0.00560598,25469,13,0.001959661,0.001895333
440102,0.003517749,28224,37,0.001601795,0.001539904
460500,0.009673519,48504,105,0.001363851,0.001268171
450300,0.006915629,37056,66,0.001462002,0.001343053
431400,0.025553131,30762,43,0.001844664,0.001858835
431302,0.012962074,21371,19,0.001906911,0.001668136
431301,0.01551481,22772,28,0.001484743,0.001557046
460100,0.105139501,31178,13,0.001457826,0.001324741
460302,0.034183539,20376,22,0.001609379,0.001489909
460400,0.015384615,45096,36,0.001526328,0.001399298
460301,0.134253815,35052,20,0.001539553,0.001547978
460200,0.249895185,22247,8,0.001173739,0.001118348
740200,0.908354998,97824,191,0.001466596,0.0014916
720400,0.893451154,94440,111,0.00156732,0.001552512
740100,0.938648283,81151,160,0.001409813,0.001383402
720500,0.946906745,89000,72,0.001303092,0.001242974
750300,0.892490089,81607,103,0.001409671,0.001397908
740300,0.958200693,87268,221,0.001434024,0.001406871
740400,0.839289427,80912,178,0.001417684,0.001383656
750400,0.673313379,79808,118,0.001568384,0.001482651
480100,0.005410723,59330,54,0.001544883,0.001284286
480400,0.00987066,56698,130,0.00146004,0.001313355
440800,0.004444445,26897,13,0.001566169,0.001437154
470100,0.006858711,27500,43,0.001549621,0.001464017
480200,0.004882018,39597,17,0.001749905,0.001662589
480300,0.006811989,58429,15,0.001647455,0.001302113
440600,0.003365385,44891,80,0.00149161,0.001480076
440700,0.006472492,43500,43,0.001463319,0.001263799
440900,0.002681992,38016,55,0.001443546,0.001320214
490300,0.004426955,38568,50,0.001543552,0.00141245
490400,0.003777148,54327,26,0.001504908,0.001279124
711500,0.005120126,37435,42,0.001459873,0.001316495
730100,0.003712871,34931,68,0.001461136,0.001369328
834000,0.004955947,36019,15,0.001465032,0.001552381
711400,0.004144687,35885,38,0.001493007,0.001370107
730201,0.002356506,33913,81,0.001441566,0.001264916
730202,0.005136437,45322,74,0.001349356,0.001265517
720100,0.626666665,124435,171,0.001512336,0.001502999
711300,0.00799508,37625,27,0.001144283,0.001277455
730300,0.004288164,46667,26,0.001271865,0.001191191
720300,0.668278277,97996,190,0.001505203,0.001475427
720200,0.397659361,69701,147,0.001448621,0.001386697
730400,0.010813887,50294,79,0.00138778,0.001265027
730600,0.009961261,55511,85,0.001439291,0.001338933
730500,0.005013674,41894,92,0.001461267,0.001341765
490600,0.00128041,48145,35,0.00139247,0.001318774
490700,0.001944895,42500,17,0.001758024,0.001437487
490500,0.016503122,49375,32,0.001639665,0.001557278
490800,0.007486898,41062,52,0.001481893,0.001374215
500100,0.006586169,47381,51,0.001374039,0.001251631
510300,0.006529851,32500,27,0.001707955,0.001561282
510200,0.14233087,47841,32,0.00141266,0.001304696
490902,0.002752654,39714,73,0.001465913,0.001390937
500200,0.009429281,24923,23,0.001355244,0.001618824
490901,0.00539707,26741,21,0.001459152,0.001400164
491100,0.007753655,46333,60,0.001431831,0.00126263
491000,0.003621117,25443,17,0.001627974,0.001592625
720700,0.336932361,63750,89,0.001484455,0.001316043
730700,0.005577005,42042,69,0.001332083,0.001263038
750100,0.008439836,44868,57,0.001492065,0.001410038
720600,0.797836006,106957,76,0.001348774,0.00137401
750200,0.391075313,60833,89,0.001558196,0.001473257
750500,0.195417792,49358,112,0.001658559,0.001617938
750600,0.006791633,43450,57,0.001587702,0.00140568
530300,0.00585069,40734,66,0.001497188,0.001468237
491200,0.008183306,39688,25,0.001630939,0.001437613
491300,0.007969508,33039,5,0.001670131,0.001361818
530200,0.003881988,26559,14,0.00147261,0.00138883
491400,0.005458888,31582,7,0.001859652,0.00163272
500300,0.445978403,43772,45,0.001488447,0.00125376
530100,0.192745671,28910,6,0.002342385,0.002462339
530600,0.009354537,27927,25,0.001713868,0.001673774
530501,0.004813032,38327,48,0.001511009,0.001395302
530503,0.004677269,60135,66,0.001459569,0.001280575
530502,0.0029994,39688,37,0.001267357,0.0012725
530400,0.010796221,49194,25,0.001533942,0.00138
540102,0.001286587,14030,5,0.001256759,0.000945333
833900,0.228813559,23672,13,0.001152184,0.001222257
520100,0.449638546,28365,11,0.002218155,0.002630623
460600,0.089602701,23594,5,0.002110796,0.001977455
480500,0.078914538,52500,45,0.001602156,0.001333833
510100,0.486968845,32850,38,0.00143524,0.001503895
520200,0.384595245,30382,18,0.001831667,0.001900521
520300,0.527594507,40703,67,0.001670731,0.001561579
520400,0.536674798,45000,52,0.001646175,0.001689781
520500,0.675424337,62965,131,0.001442542,0.001461257
520600,0.655660391,44858,54,0.001594946,0.00158061
550100,0.690404356,43358,151,0.001463226,0.001457973
550200,0.756254494,53568,95,0.001541178,0.001547565
804201,0.800562859,136528,509,0.001575174,0.001559787
804202,0.802090287,115112,508,0.001525744,0.0014688
803611,0.613383532,55230,256,0.001379321,0.001322007
803612,0.588800907,58977,80,0.001478813,0.001484249
803606,0.559189081,36837,288,0.001476016,0.00146307
803608,0.77654928,77171,348,0.001633027,0.001607777
803603,0.804621518,122300,404,0.001531432,0.001499156
803610,0.780355632,76143,558,0.001478733,0.001481514
803604,0.867872059,73797,238,0.001391062,0.001413321
803605,0.748517871,96929,328,0.00153163,0.001503088
803017,0.802905262,69773,334,0.001388513,0.001399376
803607,0.901820302,93309,274,0.001525213,0.001467309
803800,0.890158713,79671,324,0.001486846,0.001446102
803701,0.84584105,66333,257,0.001419068,0.001419811
803702,0.851798534,88304,487,0.001347896,0.00136289
804104,0.687550187,87485,287,0.001528311,0.001490147
804105,0.84525001,125981,194,0.001551029,0.001519545
804102,0.871728897,123611,515,0.001472708,0.001460677
803901,0.853418291,58333,367,0.001413771,0.0013612
803902,0.908625126,68194,193,0.001555099,0.001517686
804106,0.744020522,97712,541,0.001487371,0.001457461
804109,0.880879879,86538,187,0.001622725,0.001544099
804108,0.472544461,57559,57,0.001450476,0.001383762
804000,0.87464571,64727,319,0.001644916,0.001615956
802402,0.708981514,39557,239,0.00154839,0.00150189
802404,0.655411005,46838,262,0.001332562,0.001254004
802504,0.649295568,70664,285,0.001656467,0.001577357
803010,0.875673592,90962,344,0.001445116,0.001436273
803013,0.87520647,79054,383,0.001445924,0.001407094
802403,0.855611145,57756,188,0.00123999,0.001196492
803012,0.760017991,60407,116,0.001259981,0.00131261
803005,0.888888896,51250,146,0.00136989,0.001387217
803016,0.771601796,71400,66,0.001454206,0.001424487
803007,0.887364209,98278,321,0.001441087,0.001420539
802503,0.695483863,71432,385,0.001461157,0.001486304
802506,0.70015949,56354,75,0.001532862,0.00161352
802505,0.61367619,57692,232,0.001363245,0.001366645
803015,0.880242229,73398,301,0.001448568,0.001411163
803014,0.768513143,64400,196,0.00139876,0.001372975
803008,0.895585716,99044,245,0.001444043,0.0014307
803200,0.935911179,88966,265,0.001450074,0.001407549
803100,0.943313956,103068,245,0.001317106,0.001340947
802900,0.947368443,93920,395,0.001432682,0.00143381
802608,0.908088207,63818,582,0.001325163,0.001311228
802607,0.932132959,61563,86,0.001634027,0.001561585
802605,0.833946168,77583,506,0.001424568,0.001373366
802609,0.593670726,49942,236,0.001448287,0.001378169
802610,0.829959512,86042,131,0.001554503,0.001506615
802701,0.730293453,88223,303,0.001497666,0.001445359
802801,0.925933659,84013,372,0.001476258,0.001444116
803300,0.869023979,54017,488,0.001340548,0.00134566
803500,0.939618111,89679,407,0.001396315,0.00137365
803400,0.926221788,92850,447,0.001402039,0.001392843
802802,0.856384575,69598,427,0.001468817,0.001471588
802702,0.78946197,84830,211,0.00154119,0.001522464
800200,0.929182529,170938,635,0.001410539,0.001441333
801500,0.885121465,75724,478,0.001467177,0.001454669
801601,0.866792619,102067,312,0.001484714,0.001399002
801605,0.863011241,95278,458,0.001440022,0.001433328
801606,0.847181022,105405,616,0.001334522,0.001418479
801701,0.892703891,128250,247,0.001393384,0.001355088
801702,0.891243815,113051,426,0.001337981,0.00131281
801800,0.899092376,115724,518,0.001443687,0.001443898
801608,0.793113947,115294,458,0.001406179,0.001376105
801607,0.716096103,87153,254,0.001458819,0.001435729
802300,0.799586773,95653,322,0.001354159,0.001343059
801901,0.831769288,76875,388,0.001399852,0.001373992
801902,0.927707076,142850,301,0.001345793,0.001348751
802003,0.7585693,86302,148,0.00152084,0.00150042
802002,0.853086174,101047,292,0.001579265,0.001500667
801603,0.606485069,57647,147,0.001641094,0.001592153
802004,0.617729068,51905,368,0.001334266,0.00132959
802100,0.933669209,133162,234,0.001345629,0.001322613
802200,0.934240341,119145,447,0.001394271,0.001413089
800100,0.965688288,227778,221,0.001421612,0.001437074
800400,0.948165894,222356,418,0.001400418,0.001450111
800300,0.95087117,152143,386,0.001374284,0.001405104
800800,0.870806873,115213,268,0.00142985,0.00139958
800500,0.945929408,206875,508,0.001421937,0.001428915
801200,0.955737233,174088,383,0.001430037,0.001425765
800600,0.976249993,236250,217,0.001446896,0.001452546
801300,0.912211061,108750,395,0.001376189,0.001388489
800700,0.900681615,200208,491,0.001313138,0.001344043
801100,0.91177094,135556,414,0.001351625,0.001363956
801400,0.810551584,111125,207,0.001351725,0.001313202
800900,0.665307999,93850,280,0.001464611,0.001437115
801000,0.799103498,101702,393,0.001412729,0.001393477
808900,0.900755942,103804,411,0.00132023,0.001339871
808800,0.85309732,106346,267,0.001405442,0.00138905
804311,0.614015698,96055,473,0.001455815,0.001427643
804403,0.658579886,69375,312,0.001592782,0.001540962
804404,0.637110651,71912,192,0.001787186,0.001665155
804305,0.703852534,68356,345,0.001562186,0.001485576
804310,0.673415482,88443,479,0.001510525,0.001482045
804405,0.517968118,44113,46,0.001706885,0.0017284
804406,0.617096186,73487,211,0.001681975,0.001603099
804506,0.754806817,92399,250,0.00159777,0.001555071
804507,0.666586518,99423,735,0.001400415,0.001432374
804306,0.739216387,61250,285,0.001778942,0.001697212
804309,0.638390064,55174,111,0.001726277,0.001630286
804308,0.676995993,76950,412,0.001497691,0.001454111
804509,0.586513996,75765,194,0.00175181,0.001651476
804510,0.649308383,57959,158,0.001815523,0.001719167
804508,0.548128366,56048,97,0.001669981,0.001530155
804505,0.813103616,65461,203,0.001504153,0.001492077
804511,0.581607282,48321,78,0.001669048,0.001602865
804603,0.632861495,49639,180,0.001536343,0.001576144
804714,0.77816093,87534,205,0.001418944,0.00142464
804701,0.555945575,49570,257,0.001699831,0.001618458
804705,0.606639862,63079,273,0.001355077,0.001342533
804706,0.794498384,92759,100,0.001494387,0.00148789
804713,0.593523622,73185,302,0.001090542,0.001105696
804608,0.665170312,73698,260,0.001418578,0.001358408
804609,0.611248255,81318,313,0.001372046,0.001378605
804709,0.651152074,66396,239,0.001588671,0.001532941
804716,0.579417109,86409,236,0.001554959,0.001535987
804715,0.41585663,48359,127,0.001435034,0.001470625
804710,0.798850596,84571,214,0.001471948,0.0014836
804712,0.717729986,95174,236,0.001463656,0.001424904
804711,0.547836602,63454,351,0.001374296,0.001364481
804805,0.757488072,76111,359,0.001504867,0.001464541
804808,0.892617464,74145,146,0.001495004,0.00148081
804810,0.752194583,68329,344,0.001492528,0.00148501
804611,0.835283339,69288,260,0.001403202,0.001403362
804610,0.743965507,61840,207,0.001313976,0.001307796
804606,0.819471776,96434,338,0.001392226,0.001365535
804803,0.759643912,84102,356,0.0013812,0.0013959
804809,0.855823874,94568,236,0.001547775,0.001522174
804807,0.779582381,69710,269,0.00154257,0.001462948
804806,0.591575563,76188,142,0.001621123,0.001573675
804804,0.678445756,66089,319,0.001442405,0.001404053
804607,0.782522321,85972,308,0.001462236,0.001445666
805105,0.657558441,50634,290,0.001461136,0.001459046
805106,0.883370101,65625,224,0.001497602,0.001516598
805109,0.882771254,66667,226,0.001573545,0.001537682
805110,0.904502392,65341,240,0.001381464,0.001408211
805001,0.931401789,90667,311,0.001475621,0.001456764
804901,0.890042126,81104,465,0.001344617,0.001337785
804902,0.805540442,76753,243,0.001570694,0.001534712
805002,0.667050838,51286,256,0.001544006,0.00152676
805107,0.575851381,52940,248,0.001526229,0.001474462
805108,0.577101052,51667,183,0.001549983,0.001544372
770400,0.748723626,52629,154,0.001603237,0.001573167
805111,0.644229412,56233,168,0.001643331,0.001574756
805112,0.678471029,49681,142,0.001620906,0.001605907
770500,0.610838652,37545,6,0.002074482,0.001933084
770300,0.875700831,61130,320,0.001599492,0.001571753
770202,0.906351805,57137,350,0.001489804,0.00145293
770201,0.788598597,60650,288,0.00145325,0.001385978
806103,0.801069081,76490,260,0.001609518,0.001554912
806102,0.789076269,75972,169,0.001551023,0.001546324
806104,0.586780787,38969,170,0.00126792,0.001246764
806001,0.525120437,47325,210,0.001550166,0.001505096
805201,0.708455682,80091,144,0.001503652,0.001454454
805202,0.772095323,78802,228,0.001397343,0.001337631
805301,0.620423317,63421,142,0.001587829,0.001552203
805302,0.665741265,72500,229,0.001709849,0.00160188
806004,0.635060489,42455,296,0.001576714,0.001522609
806002,0.527814567,49231,363,0.001505304,0.001519467
806003,0.429892719,51080,224,0.001589741,0.001551458
805901,0.864110589,66912,339,0.001463253,0.0014285
806201,0.774070561,51862,413,0.001374487,0.001315282
806300,0.854637086,74375,255,0.001583131,0.001548237
806202,0.879120886,53276,448,0.001318097,0.001310749
770601,0.849319279,82326,152,0.001643218,0.001565088
806400,0.844827592,75000,103,0.001581199,0.001524583
805902,0.838734686,85012,325,0.001543735,0.001462778
805401,0.865139306,54261,220,0.001513492,0.001497794
805402,0.850637853,53304,314,0.001603967,0.001593096
805502,0.956532896,100089,263,0.001416119,0.001399291
805501,0.94264704,73966,279,0.001403915,0.001398552
805802,0.935038567,84786,316,0.001440212,0.001429305
805801,0.946250021,82344,260,0.001393592,0.001399384
806502,0.736504138,59825,179,0.00163907,0.001594053
770602,0.698950768,59563,96,0.001625905,0.00159646
806501,0.520375073,50198,75,0.001638557,0.001657636
806600,0.79598856,74054,168,0.00166696,0.001637685
805701,0.964722097,87418,423,0.00134328,0.001338675
805600,0.963201046,114688,297,0.001428348,0.001381267
808600,0.921091795,153359,162,0.001359343,0.001341161
806900,0.584341168,60714,469,0.001382135,0.001371197
806801,0.648047328,66619,248,0.001487719,0.001482322
806700,0.774325252,119200,334,0.001332725,0.001308822
809000,0.924044251,119688,355,0.001385313,0.001368996
809100,0.893711269,103266,287,0.001398028,0.001393309
809200,0.175666884,47171,139,0.001648673,0.0015642
809300,0.706187725,20313,181,0.001444174,0.001403191
809500,0.758583128,60763,409,0.00114788,0.001259171
809600,0.392305374,60735,145,0.001497689,0.001446609
807100,0.722033024,108583,212,0.00144939,0.001404501
806802,0.629696965,76557,128,0.001306271,0.001344036
808500,0.7031672,76544,235,0.001316015,0.001360433
807000,0.53800559,65313,197,0.001657046,0.001564183
808400,0.66039449,81490,211,0.001579854,0.001555829
808200,0.707082391,54196,226,0.001592693,0.001537341
808301,0.659555554,70335,419,0.001399145,0.001379694
808302,0.627351284,65819,274,0.001368097,0.00135647
807300,0.553191483,51042,410,0.001409583,0.001395444
807200,0.573579133,79324,349,0.001367476,0.001414684
807400,0.56366986,59051,271,0.001301107,0.001320938
807500,0.574788332,75625,209,0.001376382,0.001381012
807600,0.522629976,65565,312,0.001392584,0.001410903
809700,0.451630592,83958,163,0.001544001,0.001446187
810301,0.465517253,65000,150,0.001530901,0.001474571
810302,0.556307673,64554,173,0.001460082,0.001354243
808002,0.642915785,75066,203,0.001415023,0.001425649
807700,0.616214395,58938,331,0.001469205,0.001425458
808001,0.627811313,88219,278,0.001396368,0.001373442
807800,0.714176834,68611,150,0.001497462,0.001494895
807900,0.73760432,107429,285,0.001581011,0.001547718
808702,0.668059587,52917,89,0.001284589,0.001336818
809400,0.70365268,45509,425,0.001321449,0.0013552
809800,0.782112598,83750,125,0.001331182,0.001273067
809900,0.839929938,109092,264,0.001307894,0.001333391
810100,0.680695951,61064,221,0.001341293,0.00131434
810000,0.811274529,61168,438,0.001365069,0.001360374
805702,0.927543402,87339,142,0.001476113,0.001460969
770700,0.872435629,42344,71,0.001413243,0.001290063
770800,0.798817635,42468,218,0.001470014,0.001511497
811600,0.813938498,40969,190,0.001466527,0.001497076
811500,0.798812568,62836,232,0.001670638,0.001637666
810800,0.881667912,74063,216,0.001677295,0.00164047
810701,0.8352319,44563,162,0.001624713,0.001595985
810702,0.807554901,44801,129,0.00164829,0.001570223
811100,0.878374219,41174,229,0.00159534,0.001540125
811200,0.859962046,60086,215,0.001624647,0.001655913
811401,0.762494862,54028,211,0.001527151,0.0015428
811402,0.726821542,56591,136,0.001662785,0.001671758
811701,0.601347864,43892,55,0.001846388,0.001815902
811702,0.667252123,57176,131,0.001674231,0.001653836
811301,0.669969022,63424,122,0.00174505,0.001667982
811800,0.727171719,61858,194,0.001606618,0.001610548
811302,0.591847539,37875,51,0.001814601,0.001822533
811000,0.900139689,77760,270,0.001519107,0.001490298
810900,0.819878697,53375,256,0.001659743,0.001633431
811900,0.837225497,141927,367,0.001441235,0.001418335
816200,0.63645041,44089,134,0.001633186,0.001592205
817400,0.420551866,64889,58,0.001461216,0.001500075
816300,0.589999974,54353,139,0.001666276,0.001584755
816401,0.568066895,41541,46,0.001587108,0.001634643
816402,0.558356047,50524,79,0.001514029,0.001519424
816600,0.45484674,45394,41,0.001639243,0.001714026
816500,0.534024358,40147,26,0.00186861,0.001728686
816700,0.571377695,51645,65,0.001680433,0.00166473
816800,0.489940375,61747,210,0.001594368,0.001537543
818300,0.351870924,52257,192,0.001550656,0.001514153
816900,0.202378929,57344,190,0.001579686,0.001482954
817000,0.159003481,53962,138,0.001446799,0.001312253
817101,0.089608103,46731,127,0.001442069,0.001316618
817200,0.049957301,38594,64,0.001421921,0.00136252
817300,0.06445533,36204,39,0.00162154,0.001640678
817102,0.057071183,54318,85,0.001508364,0.001390657
817500,0.07231576,30709,43,0.001553049,0.001534667
812000,0.859587789,99792,452,0.001432508,0.001397222
815900,0.515938044,45191,325,0.001485782,0.001454857
816000,0.665465474,52315,176,0.001306813,0.001218472
816100,0.516989887,55758,281,0.001472045,0.001385527
817600,0.084563419,41642,60,0.001374887,0.001374219
817700,0.050923109,56603,98,0.001382486,0.001293043
818000,0.436466694,53163,173,0.00157902,0.001535714
817900,0.162109375,47150,140,0.001569666,0.001501537
818200,0.610165894,75580,271,0.001684981,0.001674957
818401,0.588882744,63750,186,0.00170682,0.00169145
818402,0.734841049,59104,194,0.001635213,0.001658964
818100,0.745038807,68167,163,0.001511405,0.001533284
815600,0.837120473,54861,290,0.001544089,0.001528485
815701,0.901196837,97064,253,0.001518023,0.001469674
818600,0.86702013,60687,279,0.001456139,0.00146851
818700,0.900413811,79911,261,0.001380587,0.001350333
818500,0.840197086,74207,495,0.00155097,0.001532558
819000,0.966191113,108818,309,0.001352975,0.001317711
818900,0.879274249,56250,209,0.001407148,0.001364
818800,0.916666687,68500,363,0.001426347,0.0014155
815800,0.95785439,88000,89,0.001350883,0.001348767
815702,0.913026512,86550,292,0.001394204,0.001379862
812200,0.790208042,164598,264,0.001467354,0.00141484
812100,0.588596463,69210,304,0.001440869,0.001338473
812500,0.557037055,61250,157,0.001454833,0.001403964
812302,0.756210089,106447,186,0.001420707,0.001358279
812400,0.860784888,159800,246,0.001382295,0.001379438
812301,0.675478339,61789,348,0.001313686,0.001329091
812801,0.599388361,42763,217,0.001333826,0.001382481
812802,0.704582632,51518,184,0.001479093,0.001481425
812700,0.68252486,68750,233,0.00149193,0.0014256
812600,0.547490537,53274,153,0.001251862,0.001275778
813000,0.663826466,85278,182,0.001439237,0.001301236
813100,0.557734668,69315,264,0.001395231,0.001372225
812900,0.778479695,105848,313,0.001469265,0.001378367
813200,0.732533514,96167,238,0.001320778,0.001332157
814700,0.550655305,48077,182,0.001493958,0.0013322
814600,0.556875765,54091,184,0.001588028,0.001526911
814800,0.61398083,55258,244,0.001529613,0.001457085
815000,0.500121057,44655,136,0.001684284,0.001584945
814900,0.501051605,43581,132,0.001797244,0.001756355
813500,0.470975131,49421,119,0.001603235,0.001544167
813400,0.49913919,49716,158,0.001599274,0.00154897
813600,0.534870625,41810,80,0.00166659,0.001657923
813301,0.433181047,38537,34,0.001330382,0.001222937
813302,0.449415356,36938,39,0.001834694,0.001769613
813701,0.497354507,45840,48,0.001383504,0.001303312
813702,0.49941355,52037,38,0.001684368,0.001652105
814100,0.568882048,38897,59,0.001489356,0.001427733
813802,0.50526315,38431,70,0.001532249,0.001365277
813801,0.506049097,36296,30,0.001377502,0.00137822
814300,0.554258823,44853,71,0.001540842,0.001358231
814200,0.472677976,43730,95,0.001646532,0.001580089
815100,0.629312277,46141,126,0.001597433,0.001544676
814000,0.525495172,52632,84,0.0015715,0.001444956
815200,0.617195368,44560,236,0.001570465,0.001498103
813900,0.506557107,45864,110,0.001617236,0.001539485
815300,0.728227794,67411,172,0.001521429,0.001389866
815400,0.743184268,53453,242,0.001473344,0.001397581
815500,0.629240215,55669,371,0.00156757,0.001502143
814500,0.617316186,54773,159,0.001547845,0.001491493
814400,0.622158349,52822,214,0.00153935,0.001493806
819100,0.736159921,53087,145,0.001589385,0.001594133
819200,0.764532506,55969,214,0.001684207,0.001647149
819300,0.889714062,75435,191,0.001281589,0.001235368
819400,0.826471627,66017,225,0.001387541,0.001428475
819500,0.721357405,55125,288,0.001233752,0.001263941
819700,0.962143004,134803,425,0.001388837,0.001360095
819600,0.954862833,125982,316,0.001452903,0.001391147
819801,0.970822275,148750,376,0.001421372,0.001411883
819900,0.970570922,142386,295,0.00135879,0.001369053
820000,0.854958296,192143,200,0.001462218,0.001426491
819802,0.965646029,124028,162,0.001389061,0.001420651
820103,0.879731059,63000,229,0.001421889,0.001434174
820300,0.664860845,50133,92,0.001808263,0.001746424
820400,0.495877922,48115,76,0.001794551,0.001819283
820104,0.877791107,61446,190,0.001518218,0.001485628
820101,0.926337004,77482,746,0.001427143,0.001469292
820201,0.893062472,86799,533,0.001390597,0.001374306
820202,0.777714908,49242,85,0.001369192,0.0013899
820501,0.861324608,57332,192,0.001518606,0.001459682
820502,0.832815528,54443,151,0.001600844,0.001547018
820603,0.854967654,56179,110,0.001573127,0.00160289
820606,0.883835614,59192,228,0.001475049,0.001453259
820604,0.878353715,37639,70,0.001682043,0.001671186
820605,0.350347519,39874,52,0.001400479,0.001452619
820700,0.678013563,43832,322,0.001483017,0.001504505
820800,0.750413656,68750,146,0.001454966,0.001382941
820902,0.761809826,54558,210,0.001423096,0.001401888
820901,0.814984143,47203,195,0.001469017,0.001444105
821001,0.854003429,59141,158,0.001481083,0.00143152
821002,0.862149119,59089,175,0.001426575,0.001434268
821101,0.805392981,64484,135,0.001514821,0.001505152
821102,0.774400771,47344,138,0.001630048,0.001571772
824005,0.958295703,91711,264,0.001490405,0.001497577
824004,0.95829457,91146,196,0.001457411,0.001468365
824003,0.959595978,88200,255,0.001473907,0.001490088
824006,0.939487994,100774,281,0.001441846,0.001517178
823703,0.854156196,48039,161,0.001451757,0.001456571
823704,0.911940277,75929,174,0.001464442,0.001531226
823705,0.881550431,54318,127,0.001537227,0.0015683
823801,0.936843932,80750,259,0.001534431,0.001532844
823702,0.80631578,49852,255,0.001453813,0.001437176
823803,0.923520684,57768,330,0.00148308,0.001468495
823806,0.885360599,50015,176,0.001587813,0.00160204
823805,0.935997307,54205,296,0.001394954,0.001432585
823901,0.895140648,78368,237,0.001489383,0.001544731
823903,0.94370085,92188,230,0.001543021,0.00156394
823904,0.953436255,71991,373,0.001421903,0.001417878
821600,0.523787856,64134,255,0.001398728,0.001346833
821800,0.762413323,65635,245,0.001376639,0.001372063
821700,0.846594393,73321,239,0.001210367,0.001199446
822000,0.916532516,49094,143,0.001765631,0.001732588
822102,0.737652898,71577,266,0.001574321,0.001587471
822200,0.881717503,65000,179,0.001318326,0.001280524
822101,0.856919646,66369,244,0.001328683,0.001330474
822500,0.865544319,69002,223,0.001245369,0.001273679
822301,0.88269031,60568,167,0.001441853,0.001439353
822302,0.827609301,49973,218,0.001384659,0.001405459
822400,0.867169917,49477,196,0.001559182,0.001576059
822900,0.863369226,54693,61,0.001596318,0.001572716
823001,0.802170515,49049,171,0.001606836,0.001638333
822601,0.905592859,62530,228,0.001482236,0.001479254
822701,0.785936356,46129,281,0.001518659,0.001547258
822702,0.825367153,46828,245,0.001583152,0.001543571
821900,0.803745449,64880,275,0.001452193,0.0014301
822802,0.925884962,59318,178,0.001525882,0.001522131
822801,0.865470827,61156,185,0.001516946,0.001472364
822602,0.851720691,49511,349,0.001515053,0.001512129
823002,0.858318269,55659,168,0.001525543,0.001494967
823101,0.90979147,57125,176,0.001532239,0.001516133
823102,0.903048635,60129,135,0.001636021,0.00162324
823200,0.826942801,74115,210,0.001543494,0.001505728
823303,0.766541243,52839,152,0.001567961,0.001528186
823304,0.68567574,43041,191,0.001572143,0.001526525
823500,0.595599532,47178,96,0.001461068,0.001438745
823400,0.463776708,49125,121,0.001443664,0.00138
823302,0.562133253,48836,141,0.001584176,0.001555967
823605,0.89575547,78160,218,0.001565011,0.001543151
823604,0.949972034,75403,179,0.001558091,0.001501
823602,0.929152727,55808,476,0.001426553,0.001444231
823603,0.289785355,26458,15,0.001101682,0.001050625
821401,0.078490116,38669,45,0.001457734,0.001426067
821402,0.032339003,53608,71,0.001405036,0.001379528
821200,0.311011165,37371,77,0.001555931,0.001502919
821300,0.358035862,43079,64,0.001443619,0.001357673
824503,0.910237372,67321,386,0.001571251,0.001591643
824105,0.932213306,94395,390,0.001489547,0.001484841
824116,0.890207708,49621,291,0.00147807,0.001487371
824113,0.904297471,98397,284,0.001481704,0.001461092
824114,0.899129331,92352,328,0.001458913,0.00148368
824115,0.877806127,67942,247,0.001435979,0.001424091
824106,0.908679008,78468,358,0.001395785,0.001419752
824107,0.912059128,70043,447,0.00146547,0.001481333
824506,0.909675717,78859,490,0.001470902,0.001503828
824119,0.909955919,103532,338,0.001531743,0.001505492
824120,0.900921643,76288,664,0.001368202,0.001425054
824108,0.824010909,71331,279,0.00148084,0.00146847
824121,0.926275969,81291,168,0.001445686,0.001446833
824122,0.917484045,82145,396,0.001347248,0.001399865
824123,0.905234635,79423,394,0.001495438,0.00148756
825304,0.88560158,71307,224,0.001434008,0.001436499
824117,0.912038922,100814,486,0.001468938,0.001467601
824300,0.06564188,25851,42,0.001414104,0.001278475
824800,0.492135108,43030,164,0.001405959,0.001372172
824400,0.503668547,45500,35,0.001472219,0.001436851
824601,0.894856632,67917,218,0.001484506,0.001423215
824602,0.838961065,64583,232,0.001469827,0.001423455
824701,0.732963145,60256,159,0.001571673,0.00155483
824702,0.656322479,55988,179,0.001534203,0.001522339
824900,0.242936015,63864,106,0.001079156,0.000930966
825000,0.737409353,63726,166,0.001542274,0.001556217
824505,0.851361215,57220,270,0.001502091,0.001471728
824507,0.898671091,66696,205,0.001498176,0.001489696
825200,0.677451491,58681,107,0.001595738,0.001578057
825600,0.154256269,48301,100,0.001573241,0.00159083
825503,0.189013317,56138,247,0.001441113,0.001360132
825501,0.118036896,48711,166,0.001505845,0.00134217
825302,0.826190829,66832,273,0.001496968,0.001448667
825303,0.888429761,69227,189,0.001464053,0.001454955
825400,0.903856814,65284,335,0.001483031,0.001479202
825505,0.106606334,57369,176,0.001525118,0.001458528
825504,0.069362611,53496,113,0.001440302,0.001243909
825700,0.260580122,39871,54,0.001498132,0.001335925
826401,0.044695482,53165,57,0.001262058,0.001218125
826402,0.064886987,57198,101,0.001363401,0.001353067
826500,0.070080861,45379,85,0.001396929,0.00133
826700,0.03824744,39133,36,0.001595844,0.00148489
826600,0.052527077,46375,52,0.001570294,0.001603983
826800,0.306843281,37143,42,0.001459096,0.001327341
826901,0.030095037,31111,10,0.001397053,0.001394893
827000,0.039735101,24768,35,0.001780604,0.001829907
827100,0.028718704,27095,9,0.001602169,0.001525029
827200,0.117391303,31693,47,0.001331014,0.001217739
826301,0.124620833,62404,160,0.001333091,0.001277846
826304,0.054011863,47788,52,0.001703715,0.00163605
826303,0.069678038,64886,134,0.001407765,0.001347634
825802,0.101025641,45259,130,0.001606911,0.001480437
825801,0.085633799,34348,38,0.001720753,0.001604051
825803,0.133539841,39119,186,0.001353437,0.001356717
826201,0.141824245,31319,51,0.001668581,0.001509351
827802,0.153028071,76005,150,0.001532235,0.00145601
827801,0.339135647,57625,216,0.001508728,0.001423539
827300,0.056328468,32301,7,0.001178333,0.001066
827500,0.185618728,32889,51,0.001322385,0.001223905
827400,0.038622614,26058,22,0.001151369,0.000974529
826902,0.012781497,31080,11,0.0019405,0.002474063
827600,0.008951776,31404,32,0.001762908,0.001531075
827805,0.204815075,59327,148,0.001611555,0.001504471
827804,0.183494553,71250,143,0.001498398,0.0014204
827901,0.125911713,68500,66,0.001699187,0.001676621
828201,0.549417257,44805,133,0.001441811,0.001361594
828300,0.675857842,44348,122,0.001592892,0.001514122
828402,0.520947158,43708,155,0.001485206,0.001434068
827700,0.164024815,39554,49,0.001501889,0.001411
828401,0.741767287,61833,177,0.001491624,0.001423333
828202,0.547655404,50369,176,0.001530504,0.001465
825900,0.260818034,41689,91,0.001498309,0.00132875
826000,0.214157164,36199,33,0.001428468,0.001555
826100,0.301527917,50943,147,0.001471288,0.001430137
826202,0.265792608,47781,117,0.001636498,0.001519296
827902,0.412466854,50469,128,0.001561716,0.001446194
828000,0.623275697,48354,248,0.001281901,0.001213645
828100,0.780346811,56719,270,0.00144243,0.001381539
829800,0.527126074,91637,463,0.001506826,0.001452286
829902,0.152293861,78292,315,0.001477485,0.001480465
829901,0.309469342,67517,532,0.001507577,0.001431818
830005,0.251453131,77321,203,0.001617525,0.0016565
830004,0.133278027,80137,280,0.001641648,0.001567491
830003,0.050093926,70385,324,0.001578129,0.001496941
830006,0.3614797,51420,98,0.001608967,0.001620382
830100,0.246126339,73088,114,0.00164741,0.001526846
830202,0.307088822,67267,106,0.001747784,0.001686381
830300,0.307708502,30250,52,0.001766408,0.001719407
830201,0.182395816,52241,107,0.001803074,0.001752083
830007,0.164913669,51250,96,0.001624153,0.001649822
830008,0.094335467,75798,190,0.001714698,0.001666405
830400,0.445317775,48799,121,0.001683819,0.001641677
828505,0.558805227,69474,340,0.001499492,0.001492555
828701,0.333824605,56445,134,0.001533598,0.001504416
828702,0.220911309,59313,137,0.001473359,0.001396377
828601,0.787198484,84167,289,0.001403445,0.001358559
828602,0.471065313,86987,270,0.001512413,0.00148859
828801,0.545180142,79306,253,0.00154967,0.001503718
828802,0.608624101,59871,108,0.001567982,0.001566288
828503,0.292197973,56156,45,0.001978772,0.001968417
828900,0.341071427,38179,39,0.001763077,0.002035647
829200,0.430683911,46698,118,0.001494072,0.001514988
829301,0.475138128,62123,167,0.001578328,0.001526807
829302,0.168257162,26563,23,0.001705174,0.001689689
829000,0.030143181,23864,3,0.000977429,0.000514
828504,0.305169821,46429,88,0.001887466,0.001887986
829100,0.472007722,32801,36,0.001388482,0.00149059
829500,0.634346366,49653,130,0.001488706,0.001410689
829402,0.342797369,39648,16,0.002006562,0.001892693
829600,0.817112982,47455,132,0.001091209,0.001056763
829700,0.224189475,34028,50,0.001683034,0.001594576
828506,0.345856756,44395,184,0.001624472,0.001605859
231100,0.10841424,30598,12,0.002146075,0.002246906
271400,0.027504912,29063,6,0.002361697,0.002250653
271300,0.012440192,18860,4,0.002165761,0.001972577
292400,0.017636685,22714,5,0.002290008,0.00206
843300,0.154723123,30529,9,0.001107962,0.001441754
300900,0.426336646,24127,13,0.00215782,0.002191073
843500,0.281899363,38750,3,0.002492292,0.002152537
301801,0.446691632,35197,13,0.002298429,0.0020938
838200,0.461977184,73325,20,0.001898874,0.001792021
351400,0.022964509,9550,7,0.00196648,0.001836973
360200,0.009009009,16933,3,0.002360432,0.00204029
580800,0.442988843,27656,12,0.001492283,0.001544204
381500,0.033755273,15966,2,0.002055524,0.002055524
836200,0.666448653,90938,15,0.001157978,0.001223838
670700,0.006706908,23108,5,0.001054047,0.000862027
842500,0.002855977,14457,3,0.002001643,0.001917143
691200,0.00456621,31875,14,0.001407823,0.001172636
430700,0.042081449,30315,10,0.001393733,0.001479599
838800,0.21187751,26235,4,0.001262923,0.001188046
540101,0.017491847,14913,2,0.001876556,0.001876556
460700,0.223898605,19321,4,0.001413382,0.001346204
829401,0.028694404,20982,7,0.001148106,0.001091552
260400,0.006294257,22063,4,0.001994486,0.002035649
260200,0.019366197,25987,4,0.002687766,0.00242058
260100,0.016826924,11723,5,0.001878004,0.001542207
841600,0.044596914,25216,4,0.002309085,0.002140272
301701,0.501940191,36136,15,0.002037062,0.002026082
461000,0.199197859,14562,2,0.002167448,0.002167448
400800,0.003332099,14288,4,0.001617469,0.001614108
821500,0.028193081,33490,1,0.0029048,0.0029048
610400,0.425214648,27238,2,0.000800392,0.000800392
420100,0.026370576,13807,1,0.001354034,0.001354034
